TorneoID,Tournament,Year,Series,Surface
Australian Open_2000,Australian Open,2000,GRAND SLAM,Hard
French Open_2000,French Open,2000,GRAND SLAM,Clay
Wimbledon_2000,Wimbledon,2000,GRAND SLAM,Grass
US Open_2000,US Open,2000,GRAND SLAM,Hard
Australian Open_2001,Australian Open,2001,GRAND SLAM,Hard
French Open_2001,French Open,2001,GRAND SLAM,Clay
Wimbledon_2001,Wimbledon,2001,GRAND SLAM,Grass
US Open_2001,US Open,2001,GRAND SLAM,Hard
Australian Open_2002,Australian Open,2002,GRAND SLAM,Hard
French Open_2002,French Open,2002,GRAND SLAM,Clay
Wimbledon_2002,Wimbledon,2002,GRAND SLAM,Grass
US Open_2002,US Open,2002,GRAND SLAM,Hard
Australian Open_2003,Australian Open,2003,GRAND SLAM,Hard
French Open_2003,French Open,2003,GRAND SLAM,Clay
Wimbledon_2003,Wimbledon,2003,GRAND SLAM,Grass
US Open_2003,US Open,2003,GRAND SLAM,Hard
Australian Open_2004,Australian Open,2004,GRAND SLAM,Hard
French Open_2004,French Open,2004,GRAND SLAM,Clay
Wimbledon_2004,Wimbledon,2004,GRAND SLAM,Grass
US Open_2004,US Open,2004,GRAND SLAM,Hard
Australian Open_2005,Australian Open,2005,GRAND SLAM,Hard
French Open_2005,French Open,2005,GRAND SLAM,Clay
Wimbledon_2005,Wimbledon,2005,GRAND SLAM,Grass
US Open_2005,US Open,2005,GRAND SLAM,Hard
Australian Open_2006,Australian Open,2006,GRAND SLAM,Hard
French Open_2006,French Open,2006,GRAND SLAM,Clay
Wimbledon_2006,Wimbledon,2006,GRAND SLAM,Grass
US Open_2006,US Open,2006,GRAND SLAM,Hard
Australian Open_2007,Australian Open,2007,GRAND SLAM,Hard
French Open_2007,French Open,2007,GRAND SLAM,Clay
Wimbledon_2007,Wimbledon,2007,GRAND SLAM,Grass
US Open_2007,US Open,2007,GRAND SLAM,Hard
Australian Open_2008,Australian Open,2008,GRAND SLAM,Hard
French Open_2008,French Open,2008,GRAND SLAM,Clay
Wimbledon_2008,Wimbledon,2008,GRAND SLAM,Grass
US Open_2008,US Open,2008,GRAND SLAM,Hard
Heineken Open_2009,Heineken Open,2009,ATP250,Hard
Medibank International_2009,Medibank International,2009,ATP250,Hard
Australian Open_2009,Australian Open,2009,GRAND SLAM,Hard
SA Tennis Open_2009,SA Tennis Open,2009,ATP250,Hard
Movistar Open_2009,Movistar Open,2009,ATP250,Clay
PBZ Zagreb Indoors_2009,PBZ Zagreb Indoors,2009,ATP250,Carpet
Brasil Open_2009,Brasil Open,2009,ATP250,Clay
ABN AMRO World Tennis Tournament_2009,ABN AMRO World Tennis Tournament,2009,ATP500,Hard
SAP Open_2009,SAP Open,2009,ATP250,Hard
Copa Telmex_2009,Copa Telmex,2009,ATP250,Clay
Open 13_2009,Open 13,2009,ATP250,Hard
Regions Morgan Keegan Championships_2009,Regions Morgan Keegan Championships,2009,ATP250,Hard
Abierto Mexicano_2009,Abierto Mexicano,2009,ATP500,Clay
International Championships_2009,International Championships,2009,ATP250,Hard
Dubai Tennis Championships_2009,Dubai Tennis Championships,2009,ATP500,Hard
BNP Paribas Open_2009,BNP Paribas Open,2009,MASTERS 1000,Hard
Sony Ericsson Open_2009,Sony Ericsson Open,2009,MASTERS 1000,Hard
Grand Prix Hassan II_2009,Grand Prix Hassan II,2009,ATP250,Clay
U.S. Men's Clay Court Championships_2009,U.S. Men's Clay Court Championships,2009,ATP250,Clay
Monte Carlo Masters_2009,Monte Carlo Masters,2009,MASTERS 1000,Clay
Open Banco Sabadell _2009,Open Banco Sabadell ,2009,ATP500,Clay
Internazionali BNL d'Italia_2009,Internazionali BNL d'Italia,2009,MASTERS 1000,Clay
Serbia Open_2009,Serbia Open,2009,ATP250,Clay
Estoril Open_2009,Estoril Open,2009,ATP250,Clay
BMW Open_2009,BMW Open,2009,ATP250,Clay
Mutua Madrileña Madrid Open_2009,Mutua Madrileña Madrid Open,2009,MASTERS 1000,Clay
Austrian Open_2009,Austrian Open,2009,ATP250,Clay
French Open_2009,French Open,2009,GRAND SLAM,Clay
Gerry Weber Open_2009,Gerry Weber Open,2009,ATP250,Grass
AEGON Championships_2009,AEGON Championships,2009,ATP250,Grass
AEGON International_2009,AEGON International,2009,ATP250,Grass
Ordina Open_2009,Ordina Open,2009,ATP250,Grass
Wimbledon_2009,Wimbledon,2009,GRAND SLAM,Grass
Hall of Fame Championships_2009,Hall of Fame Championships,2009,ATP250,Grass
Catella Swedish Open_2009,Catella Swedish Open,2009,ATP250,Clay
Mercedes Cup_2009,Mercedes Cup,2009,ATP250,Clay
International German Open_2009,International German Open,2009,ATP500,Clay
Indianapolis Tennis Championships_2009,Indianapolis Tennis Championships,2009,ATP250,Hard
Allianz Suisse Open_2009,Allianz Suisse Open,2009,ATP250,Clay
LA Tennis Open_2009,LA Tennis Open,2009,ATP250,Hard
Studena Croatia Open_2009,Studena Croatia Open,2009,ATP250,Clay
Legg Mason Classic_2009,Legg Mason Classic,2009,ATP500,Hard
Rogers Masters_2009,Rogers Masters,2009,MASTERS 1000,Hard
Western & Southern Financial Group Masters_2009,Western & Southern Financial Group Masters,2009,MASTERS 1000,Hard
Pilot Pen Tennis_2009,Pilot Pen Tennis,2009,ATP250,Hard
US Open_2009,US Open,2009,GRAND SLAM,Hard
Open Romania_2009,Open Romania,2009,ATP250,Clay
Open de Moselle_2009,Open de Moselle,2009,ATP250,Hard
Thailand Open_2009,Thailand Open,2009,ATP250,Hard
Proton Malaysian Open_2009,Proton Malaysian Open,2009,ATP250,Hard
China Open_2009,China Open,2009,ATP500,Hard
Rakuten Japan Open Tennis Championships_2009,Rakuten Japan Open Tennis Championships,2009,ATP500,Hard
Shanghai Masters_2009,Shanghai Masters,2009,MASTERS 1000,Hard
Kremlin Cup_2009,Kremlin Cup,2009,ATP250,Hard
Stockholm Open_2009,Stockholm Open,2009,ATP250,Hard
Grand Prix de Lyon_2009,Grand Prix de Lyon,2009,ATP250,Hard
St. Petersburg Open_2009,St. Petersburg Open,2009,ATP250,Hard
BA-CA Tennis Trophy_2009,BA-CA Tennis Trophy,2009,ATP250,Hard
Davidoff Swiss Indoors_2009,Davidoff Swiss Indoors,2009,ATP500,Hard
Valencia Open 500_2009,Valencia Open 500,2009,ATP500,Hard
Valencia Open 501_2009,Valencia Open 501,2009,ATP500,Hard
Valencia Open 502_2009,Valencia Open 502,2009,ATP500,Hard
Valencia Open 503_2009,Valencia Open 503,2009,ATP500,Hard
Valencia Open 504_2009,Valencia Open 504,2009,ATP500,Hard
Valencia Open 505_2009,Valencia Open 505,2009,ATP500,Hard
Valencia Open 506_2009,Valencia Open 506,2009,ATP500,Hard
Valencia Open 507_2009,Valencia Open 507,2009,ATP500,Hard
Valencia Open 508_2009,Valencia Open 508,2009,ATP500,Hard
Valencia Open 509_2009,Valencia Open 509,2009,ATP500,Hard
Valencia Open 510_2009,Valencia Open 510,2009,ATP500,Hard
Valencia Open 511_2009,Valencia Open 511,2009,ATP500,Hard
Valencia Open 512_2009,Valencia Open 512,2009,ATP500,Hard
Valencia Open 513_2009,Valencia Open 513,2009,ATP500,Hard
Valencia Open 514_2009,Valencia Open 514,2009,ATP500,Hard
Valencia Open 515_2009,Valencia Open 515,2009,ATP500,Hard
Valencia Open 516_2009,Valencia Open 516,2009,ATP500,Hard
Valencia Open 517_2009,Valencia Open 517,2009,ATP500,Hard
Valencia Open 518_2009,Valencia Open 518,2009,ATP500,Hard
Valencia Open 519_2009,Valencia Open 519,2009,ATP500,Hard
Valencia Open 520_2009,Valencia Open 520,2009,ATP500,Hard
Valencia Open 521_2009,Valencia Open 521,2009,ATP500,Hard
Valencia Open 522_2009,Valencia Open 522,2009,ATP500,Hard
Valencia Open 523_2009,Valencia Open 523,2009,ATP500,Hard
Valencia Open 524_2009,Valencia Open 524,2009,ATP500,Hard
Valencia Open 525_2009,Valencia Open 525,2009,ATP500,Hard
Valencia Open 526_2009,Valencia Open 526,2009,ATP500,Hard
Valencia Open 527_2009,Valencia Open 527,2009,ATP500,Hard
Valencia Open 528_2009,Valencia Open 528,2009,ATP500,Hard
Valencia Open 529_2009,Valencia Open 529,2009,ATP500,Hard
Valencia Open 530_2009,Valencia Open 530,2009,ATP500,Hard
BNP Paribas Masters_2009,BNP Paribas Masters,2009,MASTERS 1000,Hard
Brisbane International_2010,Brisbane International,2010,ATP250,Hard
Chennai Open_2010,Chennai Open,2010,ATP250,Hard
Qatar Exxon Mobil Open_2010,Qatar Exxon Mobil Open,2010,ATP250,Hard
Heineken Open_2010,Heineken Open,2010,ATP250,Hard
Medibank International_2010,Medibank International,2010,ATP250,Hard
Australian Open_2010,Australian Open,2010,GRAND SLAM,Hard
SA Tennis Open_2010,SA Tennis Open,2010,ATP250,Hard
Movistar Open_2010,Movistar Open,2010,ATP250,Clay
PBZ Zagreb Indoors_2010,PBZ Zagreb Indoors,2010,ATP250,Hard
Brasil Open_2010,Brasil Open,2010,ATP250,Clay
ABN AMRO World Tennis Tournament_2010,ABN AMRO World Tennis Tournament,2010,ATP500,Hard
SAP Open_2010,SAP Open,2010,ATP250,Hard
Copa Telmex_2010,Copa Telmex,2010,ATP250,Clay
Open 13_2010,Open 13,2010,ATP250,Hard
Regions Morgan Keegan Championships_2010,Regions Morgan Keegan Championships,2010,ATP500,Hard
Abierto Mexicano_2010,Abierto Mexicano,2010,ATP500,Clay
International Championships_2010,International Championships,2010,ATP250,Hard
Dubai Tennis Championships_2010,Dubai Tennis Championships,2010,ATP500,Hard
BNP Paribas Open_2010,BNP Paribas Open,2010,MASTERS 1000,Hard
Sony Ericsson Open_2010,Sony Ericsson Open,2010,MASTERS 1000,Hard
Grand Prix Hassan II_2010,Grand Prix Hassan II,2010,ATP250,Clay
U.S. Men's Clay Court Championships_2010,U.S. Men's Clay Court Championships,2010,ATP250,Clay
Monte Carlo Masters_2010,Monte Carlo Masters,2010,MASTERS 1000,Clay
Open Banco Sabadell _2010,Open Banco Sabadell ,2010,ATP500,Clay
Internazionali BNL d'Italia_2010,Internazionali BNL d'Italia,2010,MASTERS 1000,Clay
Serbia Open_2010,Serbia Open,2010,ATP250,Clay
Estoril Open_2010,Estoril Open,2010,ATP250,Clay
BMW Open_2010,BMW Open,2010,ATP250,Clay
Mutua Madrileña Madrid Open_2010,Mutua Madrileña Madrid Open,2010,MASTERS 1000,Clay
Open de Nice Côte dAzur_2010,Open de Nice Côte dAzur,2010,ATP250,Clay
French Open_2010,French Open,2010,GRAND SLAM,Clay
Gerry Weber Open_2010,Gerry Weber Open,2010,ATP250,Grass
AEGON Championships_2010,AEGON Championships,2010,ATP250,Grass
AEGON International_2010,AEGON International,2010,ATP250,Grass
Unicef Open_2010,Unicef Open,2010,ATP250,Grass
Wimbledon_2010,Wimbledon,2010,GRAND SLAM,Grass
Hall of Fame Championships_2010,Hall of Fame Championships,2010,ATP250,Grass
SkiStar Swedish Open_2010,SkiStar Swedish Open,2010,ATP250,Clay
Mercedes Cup_2010,Mercedes Cup,2010,ATP250,Clay
Atlanta Tennis Championships_2010,Atlanta Tennis Championships,2010,ATP250,Hard
German Open Tennis Championships _2010,German Open Tennis Championships ,2010,ATP500,Clay
Allianz Suisse Open_2010,Allianz Suisse Open,2010,ATP250,Clay
Farmers Classic_2010,Farmers Classic,2010,ATP250,Hard
Studena Croatia Open_2010,Studena Croatia Open,2010,ATP250,Clay
Legg Mason Classic_2010,Legg Mason Classic,2010,ATP500,Hard
Western & Southern Financial Group Masters_2010,Western & Southern Financial Group Masters,2010,MASTERS 1000,Hard
Pilot Pen Tennis_2010,Pilot Pen Tennis,2010,ATP250,Hard
US Open_2010,US Open,2010,GRAND SLAM,Hard
Open Romania_2010,Open Romania,2010,ATP250,Clay
Open de Moselle_2010,Open de Moselle,2010,ATP250,Hard
Thailand Open_2010,Thailand Open,2010,ATP250,Hard
Proton Malaysian Open_2010,Proton Malaysian Open,2010,ATP250,Hard
China Open_2010,China Open,2010,ATP500,Hard
Rakuten Japan Open Tennis Championships_2010,Rakuten Japan Open Tennis Championships,2010,ATP500,Hard
Shanghai Masters_2010,Shanghai Masters,2010,MASTERS 1000,Hard
Kremlin Cup_2010,Kremlin Cup,2010,ATP250,Hard
Stockholm Open_2010,Stockholm Open,2010,ATP250,Hard
Open Sud de France_2010,Open Sud de France,2010,ATP250,Hard
St. Petersburg Open_2010,St. Petersburg Open,2010,ATP250,Hard
BA-CA Tennis Trophy_2010,BA-CA Tennis Trophy,2010,ATP250,Hard
Swiss Indoors_2010,Swiss Indoors,2010,ATP500,Hard
Valencia Open 500_2010,Valencia Open 500,2010,ATP500,Hard
Valencia Open 501_2010,Valencia Open 501,2010,ATP500,Hard
Valencia Open 502_2010,Valencia Open 502,2010,ATP500,Hard
Valencia Open 503_2010,Valencia Open 503,2010,ATP500,Hard
Valencia Open 504_2010,Valencia Open 504,2010,ATP500,Hard
Valencia Open 505_2010,Valencia Open 505,2010,ATP500,Hard
Valencia Open 506_2010,Valencia Open 506,2010,ATP500,Hard
Valencia Open 507_2010,Valencia Open 507,2010,ATP500,Hard
Valencia Open 508_2010,Valencia Open 508,2010,ATP500,Hard
Valencia Open 509_2010,Valencia Open 509,2010,ATP500,Hard
Valencia Open 510_2010,Valencia Open 510,2010,ATP500,Hard
Valencia Open 511_2010,Valencia Open 511,2010,ATP500,Hard
Valencia Open 512_2010,Valencia Open 512,2010,ATP500,Hard
Valencia Open 513_2010,Valencia Open 513,2010,ATP500,Hard
Valencia Open 514_2010,Valencia Open 514,2010,ATP500,Hard
Valencia Open 515_2010,Valencia Open 515,2010,ATP500,Hard
Valencia Open 516_2010,Valencia Open 516,2010,ATP500,Hard
Valencia Open 517_2010,Valencia Open 517,2010,ATP500,Hard
Valencia Open 518_2010,Valencia Open 518,2010,ATP500,Hard
Valencia Open 519_2010,Valencia Open 519,2010,ATP500,Hard
Valencia Open 520_2010,Valencia Open 520,2010,ATP500,Hard
Valencia Open 521_2010,Valencia Open 521,2010,ATP500,Hard
Valencia Open 522_2010,Valencia Open 522,2010,ATP500,Hard
Valencia Open 523_2010,Valencia Open 523,2010,ATP500,Hard
Valencia Open 524_2010,Valencia Open 524,2010,ATP500,Hard
Valencia Open 525_2010,Valencia Open 525,2010,ATP500,Hard
Valencia Open 526_2010,Valencia Open 526,2010,ATP500,Hard
Valencia Open 527_2010,Valencia Open 527,2010,ATP500,Hard
Valencia Open 528_2010,Valencia Open 528,2010,ATP500,Hard
Valencia Open 529_2010,Valencia Open 529,2010,ATP500,Hard
Valencia Open 530_2010,Valencia Open 530,2010,ATP500,Hard
BNP Paribas Masters_2010,BNP Paribas Masters,2010,MASTERS 1000,Hard
Brisbane International_2011,Brisbane International,2011,ATP250,Hard
Chennai Open_2011,Chennai Open,2011,ATP250,Hard
Qatar Exxon Mobil Open_2011,Qatar Exxon Mobil Open,2011,ATP250,Hard
Heineken Open_2011,Heineken Open,2011,ATP250,Hard
Medibank International_2011,Medibank International,2011,ATP250,Hard
Australian Open_2011,Australian Open,2011,GRAND SLAM,Hard
SA Tennis Open_2011,SA Tennis Open,2011,ATP250,Hard
Movistar Open_2011,Movistar Open,2011,ATP250,Clay
PBZ Zagreb Indoors_2011,PBZ Zagreb Indoors,2011,ATP250,Hard
Brasil Open_2011,Brasil Open,2011,ATP250,Clay
ABN AMRO World Tennis Tournament_2011,ABN AMRO World Tennis Tournament,2011,ATP500,Hard
SAP Open_2011,SAP Open,2011,ATP250,Hard
Copa Claro_2011,Copa Claro,2011,ATP250,Clay
Open 13_2011,Open 13,2011,ATP250,Hard
Regions Morgan Keegan Championships_2011,Regions Morgan Keegan Championships,2011,ATP500,Hard
Abierto Mexicano_2011,Abierto Mexicano,2011,ATP500,Clay
International Championships_2011,International Championships,2011,ATP250,Hard
Dubai Tennis Championships_2011,Dubai Tennis Championships,2011,ATP500,Hard
BNP Paribas Open_2011,BNP Paribas Open,2011,MASTERS 1000,Hard
Sony Ericsson Open_2011,Sony Ericsson Open,2011,MASTERS 1000,Hard
Grand Prix Hassan II_2011,Grand Prix Hassan II,2011,ATP250,Clay
U.S. Men's Clay Court Championships_2011,U.S. Men's Clay Court Championships,2011,ATP250,Clay
Monte Carlo Masters_2011,Monte Carlo Masters,2011,MASTERS 1000,Clay
Open Banco Sabadell _2011,Open Banco Sabadell ,2011,ATP500,Clay
Serbia Open_2011,Serbia Open,2011,ATP250,Clay
Estoril Open_2011,Estoril Open,2011,ATP250,Clay
BMW Open_2011,BMW Open,2011,ATP250,Clay
Mutua Madrileña Madrid Open_2011,Mutua Madrileña Madrid Open,2011,MASTERS 1000,Clay
Internazionali BNL d'Italia_2011,Internazionali BNL d'Italia,2011,MASTERS 1000,Clay
Open de Nice Côte dAzur_2011,Open de Nice Côte dAzur,2011,ATP250,Clay
French Open_2011,French Open,2011,GRAND SLAM,Clay
Gerry Weber Open_2011,Gerry Weber Open,2011,ATP250,Grass
AEGON Championships_2011,AEGON Championships,2011,ATP250,Grass
AEGON International_2011,AEGON International,2011,ATP250,Grass
Unicef Open_2011,Unicef Open,2011,ATP250,Grass
Wimbledon_2011,Wimbledon,2011,GRAND SLAM,Grass
Hall of Fame Championships_2011,Hall of Fame Championships,2011,ATP250,Grass
SkiStar Swedish Open_2011,SkiStar Swedish Open,2011,ATP250,Clay
Mercedes Cup_2011,Mercedes Cup,2011,ATP250,Clay
Atlanta Tennis Championships_2011,Atlanta Tennis Championships,2011,ATP250,Hard
German Open Tennis Championships _2011,German Open Tennis Championships ,2011,ATP500,Clay
Allianz Suisse Open_2011,Allianz Suisse Open,2011,ATP250,Clay
Farmers Classic_2011,Farmers Classic,2011,ATP250,Hard
Studena Croatia Open_2011,Studena Croatia Open,2011,ATP250,Clay
Bet-At-Home Cup_2011,Bet-At-Home Cup,2011,ATP250,Clay
Legg Mason Classic_2011,Legg Mason Classic,2011,ATP500,Hard
Rogers Masters_2011,Rogers Masters,2011,MASTERS 1000,Hard
Western & Southern Financial Group Masters_2011,Western & Southern Financial Group Masters,2011,MASTERS 1000,Hard
Winston-Salem Open at Wake Forest University_2011,Winston-Salem Open at Wake Forest University,2011,ATP250,Hard
US Open_2011,US Open,2011,GRAND SLAM,Hard
Open Romania_2011,Open Romania,2011,ATP250,Clay
Open de Moselle_2011,Open de Moselle,2011,ATP250,Hard
Thailand Open_2011,Thailand Open,2011,ATP250,Hard
Malaysian Open_2011,Malaysian Open,2011,ATP250,Hard
China Open_2011,China Open,2011,ATP500,Hard
Rakuten Japan Open Tennis Championships_2011,Rakuten Japan Open Tennis Championships,2011,ATP500,Hard
Shanghai Masters_2011,Shanghai Masters,2011,MASTERS 1000,Hard
Kremlin Cup_2011,Kremlin Cup,2011,ATP250,Hard
Stockholm Open_2011,Stockholm Open,2011,ATP250,Hard
St. Petersburg Open_2011,St. Petersburg Open,2011,ATP250,Hard
Erste Bank Open_2011,Erste Bank Open,2011,ATP250,Hard
Swiss Indoors_2011,Swiss Indoors,2011,ATP500,Hard
Valencia Open 500_2011,Valencia Open 500,2011,ATP500,Hard
BNP Paribas Masters_2011,BNP Paribas Masters,2011,MASTERS 1000,Hard
Brisbane International_2012,Brisbane International,2012,ATP250,Hard
Chennai Open_2012,Chennai Open,2012,ATP250,Hard
Qatar Exxon Mobil Open_2012,Qatar Exxon Mobil Open,2012,ATP250,Hard
Heineken Open_2012,Heineken Open,2012,ATP250,Hard
Apia International_2012,Apia International,2012,ATP250,Hard
Australian Open_2012,Australian Open,2012,GRAND SLAM,Hard
Open Sud de France_2012,Open Sud de France,2012,ATP250,Hard
VTR Open _2012,VTR Open ,2012,ATP250,Clay
PBZ Zagreb Indoors_2012,PBZ Zagreb Indoors,2012,ATP250,Hard
ABN AMRO World Tennis Tournament_2012,ABN AMRO World Tennis Tournament,2012,ATP500,Hard
SAP Open_2012,SAP Open,2012,ATP250,Hard
Brasil Open_2012,Brasil Open,2012,ATP250,Clay
Copa Claro_2012,Copa Claro,2012,ATP250,Clay
Open 13_2012,Open 13,2012,ATP250,Hard
Regions Morgan Keegan Championships_2012,Regions Morgan Keegan Championships,2012,ATP500,Hard
Abierto Mexicano_2012,Abierto Mexicano,2012,ATP500,Clay
International Championships_2012,International Championships,2012,ATP250,Hard
Dubai Tennis Championships_2012,Dubai Tennis Championships,2012,ATP500,Hard
BNP Paribas Open_2012,BNP Paribas Open,2012,MASTERS 1000,Hard
Sony Ericsson Open_2012,Sony Ericsson Open,2012,MASTERS 1000,Hard
Grand Prix Hassan II_2012,Grand Prix Hassan II,2012,ATP250,Clay
U.S. Men's Clay Court Championships_2012,U.S. Men's Clay Court Championships,2012,ATP250,Clay
Monte Carlo Masters_2012,Monte Carlo Masters,2012,MASTERS 1000,Clay
Open Banco Sabadell _2012,Open Banco Sabadell ,2012,ATP500,Clay
BRD Nastase Tiriac Trophy_2012,BRD Nastase Tiriac Trophy,2012,ATP250,Clay
Serbia Open_2012,Serbia Open,2012,ATP250,Clay
Estoril Open_2012,Estoril Open,2012,ATP250,Clay
BMW Open_2012,BMW Open,2012,ATP250,Clay
Mutua Madrid Open_2012,Mutua Madrid Open,2012,MASTERS 1000,Clay
Internazionali BNL d'Italia_2012,Internazionali BNL d'Italia,2012,MASTERS 1000,Clay
Open de Nice Côte dAzur_2012,Open de Nice Côte dAzur,2012,ATP250,Clay
French Open_2012,French Open,2012,GRAND SLAM,Clay
Gerry Weber Open_2012,Gerry Weber Open,2012,ATP250,Grass
AEGON Championships_2012,AEGON Championships,2012,ATP250,Grass
AEGON International_2012,AEGON International,2012,ATP250,Grass
Unicef Open_2012,Unicef Open,2012,ATP250,Grass
Wimbledon_2012,Wimbledon,2012,GRAND SLAM,Grass
SkiStar Swedish Open_2012,SkiStar Swedish Open,2012,ATP250,Clay
Hall of Fame Championships_2012,Hall of Fame Championships,2012,ATP250,Grass
Mercedes Cup_2012,Mercedes Cup,2012,ATP250,Clay
ATP Vegeta Croatia Open_2012,ATP Vegeta Croatia Open,2012,ATP250,Clay
BB&T Atlanta Open_2012,BB&T Atlanta Open,2012,ATP250,Hard
Crédit Agricole Suisse Open Gstaad_2012,Crédit Agricole Suisse Open Gstaad,2012,ATP250,Clay
German Open Tennis Championships _2012,German Open Tennis Championships ,2012,ATP500,Clay
Bet-At-Home Cup_2012,Bet-At-Home Cup,2012,ATP250,Clay
Farmers Classic_2012,Farmers Classic,2012,ATP250,Hard
Citi Open_2012,Citi Open,2012,ATP500,Hard
Western & Southern Financial Group Masters_2012,Western & Southern Financial Group Masters,2012,MASTERS 1000,Hard
Winston-Salem Open at Wake Forest University_2012,Winston-Salem Open at Wake Forest University,2012,ATP250,Hard
US Open_2012,US Open,2012,GRAND SLAM,Hard
Open de Moselle_2012,Open de Moselle,2012,ATP250,Hard
St. Petersburg Open_2012,St. Petersburg Open,2012,ATP250,Hard
Thailand Open_2012,Thailand Open,2012,ATP250,Hard
Malaysian Open_2012,Malaysian Open,2012,ATP250,Hard
China Open_2012,China Open,2012,ATP500,Hard
Rakuten Japan Open Tennis Championships_2012,Rakuten Japan Open Tennis Championships,2012,ATP500,Hard
Shanghai Masters_2012,Shanghai Masters,2012,MASTERS 1000,Hard
Kremlin Cup_2012,Kremlin Cup,2012,ATP250,Hard
Stockholm Open_2012,Stockholm Open,2012,ATP250,Hard
Erste Bank Open_2012,Erste Bank Open,2012,ATP250,Hard
Swiss Indoors_2012,Swiss Indoors,2012,ATP500,Hard
Valencia Open 500_2012,Valencia Open 500,2012,ATP500,Hard
BNP Paribas Masters_2012,BNP Paribas Masters,2012,MASTERS 1000,Hard
Brisbane International_2013,Brisbane International,2013,ATP250,Hard
Chennai Open_2013,Chennai Open,2013,ATP250,Hard
Qatar Exxon Mobil Open_2013,Qatar Exxon Mobil Open,2013,ATP250,Hard
Heineken Open_2013,Heineken Open,2013,ATP250,Hard
Apia International_2013,Apia International,2013,ATP250,Hard
Australian Open_2013,Australian Open,2013,GRAND SLAM,Hard
Open Sud de France_2013,Open Sud de France,2013,ATP250,Hard
VTR Open _2013,VTR Open ,2013,ATP250,Clay
PBZ Zagreb Indoors_2013,PBZ Zagreb Indoors,2013,ATP250,Hard
ABN AMRO World Tennis Tournament_2013,ABN AMRO World Tennis Tournament,2013,ATP500,Hard
SAP Open_2013,SAP Open,2013,ATP250,Hard
Brasil Open_2013,Brasil Open,2013,ATP250,Clay
Copa Claro_2013,Copa Claro,2013,ATP250,Clay
Open 13_2013,Open 13,2013,ATP250,Hard
U.S. National Indoor Tennis Championships_2013,U.S. National Indoor Tennis Championships,2013,ATP500,Hard
Abierto Mexicano_2013,Abierto Mexicano,2013,ATP500,Clay
International Championships_2013,International Championships,2013,ATP250,Hard
Dubai Tennis Championships_2013,Dubai Tennis Championships,2013,ATP500,Hard
BNP Paribas Open_2013,BNP Paribas Open,2013,MASTERS 1000,Hard
Sony Ericsson Open_2013,Sony Ericsson Open,2013,MASTERS 1000,Hard
Grand Prix Hassan II_2013,Grand Prix Hassan II,2013,ATP250,Clay
U.S. Men's Clay Court Championships_2013,U.S. Men's Clay Court Championships,2013,ATP250,Clay
Monte Carlo Masters_2013,Monte Carlo Masters,2013,MASTERS 1000,Clay
Open Banco Sabadell _2013,Open Banco Sabadell ,2013,ATP500,Clay
BRD Nastase Tiriac Trophy_2013,BRD Nastase Tiriac Trophy,2013,ATP250,Clay
BMW Open_2013,BMW Open,2013,ATP250,Clay
Portugal Open_2013,Portugal Open,2013,ATP250,Clay
Mutua Madrid Open_2013,Mutua Madrid Open,2013,MASTERS 1000,Clay
Internazionali BNL d'Italia_2013,Internazionali BNL d'Italia,2013,MASTERS 1000,Clay
Power Horse Cup_2013,Power Horse Cup,2013,ATP250,Clay
Open de Nice Côte dAzur_2013,Open de Nice Côte dAzur,2013,ATP250,Clay
French Open_2013,French Open,2013,GRAND SLAM,Clay
Gerry Weber Open_2013,Gerry Weber Open,2013,ATP250,Grass
AEGON Championships_2013,AEGON Championships,2013,ATP250,Grass
AEGON International_2013,AEGON International,2013,ATP250,Grass
Topshelf Open_2013,Topshelf Open,2013,ATP250,Grass
Wimbledon_2013,Wimbledon,2013,GRAND SLAM,Grass
SkiStar Swedish Open_2013,SkiStar Swedish Open,2013,ATP250,Clay
Hall of Fame Championships_2013,Hall of Fame Championships,2013,ATP250,Grass
Mercedes Cup_2013,Mercedes Cup,2013,ATP250,Clay
Claro Open Colombia_2013,Claro Open Colombia,2013,ATP250,Clay
German Open Tennis Championships _2013,German Open Tennis Championships ,2013,ATP500,Clay
BB&T Atlanta Open_2013,BB&T Atlanta Open,2013,ATP250,Hard
Crédit Agricole Suisse Open Gstaad_2013,Crédit Agricole Suisse Open Gstaad,2013,ATP250,Clay
ATP Vegeta Croatia Open_2013,ATP Vegeta Croatia Open,2013,ATP250,Clay
Bet-At-Home Cup_2013,Bet-At-Home Cup,2013,ATP250,Clay
Citi Open_2013,Citi Open,2013,ATP500,Hard
Rogers Masters_2013,Rogers Masters,2013,MASTERS 1000,Hard
Western & Southern Financial Group Masters_2013,Western & Southern Financial Group Masters,2013,MASTERS 1000,Hard
Winston-Salem Open at Wake Forest University_2013,Winston-Salem Open at Wake Forest University,2013,ATP250,Hard
US Open_2013,US Open,2013,GRAND SLAM,Hard
Open de Moselle_2013,Open de Moselle,2013,ATP250,Hard
St. Petersburg Open_2013,St. Petersburg Open,2013,ATP250,Hard
Thailand Open_2013,Thailand Open,2013,ATP250,Hard
Malaysian Open_2013,Malaysian Open,2013,ATP250,Hard
Shanghai Masters_2013,Shanghai Masters,2013,MASTERS 1000,Hard
Kremlin Cup_2013,Kremlin Cup,2013,ATP250,Hard
Stockholm Open_2013,Stockholm Open,2013,ATP250,Hard
Erste Bank Open_2013,Erste Bank Open,2013,ATP250,Hard
Swiss Indoors_2013,Swiss Indoors,2013,ATP500,Hard
Valencia Open 500_2013,Valencia Open 500,2013,ATP500,Hard
BNP Paribas Masters_2013,BNP Paribas Masters,2013,MASTERS 1000,Hard
Brisbane International_2014,Brisbane International,2014,ATP250,Hard
Chennai Open_2014,Chennai Open,2014,ATP250,Hard
Qatar Exxon Mobil Open_2014,Qatar Exxon Mobil Open,2014,ATP250,Hard
Heineken Open_2014,Heineken Open,2014,ATP250,Hard
Apia International_2014,Apia International,2014,ATP250,Hard
Australian Open_2014,Australian Open,2014,GRAND SLAM,Hard
Open Sud de France_2014,Open Sud de France,2014,ATP250,Hard
Royal Guard Open Chile _2014,Royal Guard Open Chile ,2014,ATP250,Clay
PBZ Zagreb Indoors_2014,PBZ Zagreb Indoors,2014,ATP250,Hard
Copa Claro_2014,Copa Claro,2014,ATP250,Clay
U.S. National Indoor Tennis Championships_2014,U.S. National Indoor Tennis Championships,2014,ATP250,Hard
ABN AMRO World Tennis Tournament_2014,ABN AMRO World Tennis Tournament,2014,ATP500,Hard
Delray Beach Open_2014,Delray Beach Open,2014,ATP250,Hard
Open 13_2014,Open 13,2014,ATP250,Hard
Rio Open_2014,Rio Open,2014,ATP500,Clay
Abierto Mexicano_2014,Abierto Mexicano,2014,ATP500,Hard
Dubai Tennis Championships_2014,Dubai Tennis Championships,2014,ATP500,Hard
Brasil Open_2014,Brasil Open,2014,ATP250,Clay
BNP Paribas Open_2014,BNP Paribas Open,2014,MASTERS 1000,Hard
Sony Ericsson Open_2014,Sony Ericsson Open,2014,MASTERS 1000,Hard
Grand Prix Hassan II_2014,Grand Prix Hassan II,2014,ATP250,Clay
U.S. Men's Clay Court Championships_2014,U.S. Men's Clay Court Championships,2014,ATP250,Clay
Monte Carlo Masters_2014,Monte Carlo Masters,2014,MASTERS 1000,Clay
Open Banco Sabadell _2014,Open Banco Sabadell ,2014,ATP500,Clay
BRD Nastase Tiriac Trophy_2014,BRD Nastase Tiriac Trophy,2014,ATP250,Clay
BMW Open_2014,BMW Open,2014,ATP250,Clay
Portugal Open_2014,Portugal Open,2014,ATP250,Clay
Mutua Madrid Open_2014,Mutua Madrid Open,2014,MASTERS 1000,Clay
Internazionali BNL d'Italia_2014,Internazionali BNL d'Italia,2014,MASTERS 1000,Clay
Dusseldorf Open_2014,Dusseldorf Open,2014,ATP250,Clay
Open de Nice Côte dAzur_2014,Open de Nice Côte dAzur,2014,ATP250,Clay
French Open_2014,French Open,2014,GRAND SLAM,Clay
Gerry Weber Open_2014,Gerry Weber Open,2014,ATP250,Grass
AEGON Championships_2014,AEGON Championships,2014,ATP250,Grass
AEGON International_2014,AEGON International,2014,ATP250,Grass
Topshelf Open_2014,Topshelf Open,2014,ATP250,Grass
Wimbledon_2014,Wimbledon,2014,GRAND SLAM,Grass
SkiStar Swedish Open_2014,SkiStar Swedish Open,2014,ATP250,Clay
Hall of Fame Championships_2014,Hall of Fame Championships,2014,ATP250,Grass
Mercedes Cup_2014,Mercedes Cup,2014,ATP250,Clay
Claro Open Colombia_2014,Claro Open Colombia,2014,ATP250,Clay
bet-at-home Open_2014,bet-at-home Open,2014,ATP500,Clay
BB&T Atlanta Open_2014,BB&T Atlanta Open,2014,ATP250,Hard
Crédit Agricole Suisse Open Gstaad_2014,Crédit Agricole Suisse Open Gstaad,2014,ATP250,Clay
ATP Vegeta Croatia Open_2014,ATP Vegeta Croatia Open,2014,ATP250,Clay
Bet-At-Home Cup_2014,Bet-At-Home Cup,2014,ATP250,Clay
Citi Open_2014,Citi Open,2014,ATP500,Hard
Rogers Masters_2014,Rogers Masters,2014,MASTERS 1000,Hard
Western & Southern Financial Group Masters_2014,Western & Southern Financial Group Masters,2014,MASTERS 1000,Hard
Winston-Salem Open at Wake Forest University_2014,Winston-Salem Open at Wake Forest University,2014,ATP250,Hard
US Open_2014,US Open,2014,GRAND SLAM,Hard
Open de Moselle_2014,Open de Moselle,2014,ATP250,Hard
Malaysian Open_2014,Malaysian Open,2014,ATP250,Hard
Shenzhen Open_2014,Shenzhen Open,2014,ATP250,Hard
China Open_2014,China Open,2014,ATP500,Hard
Rakuten Japan Open Tennis Championships_2014,Rakuten Japan Open Tennis Championships,2014,ATP500,Hard
Shanghai Masters_2014,Shanghai Masters,2014,MASTERS 1000,Hard
Kremlin Cup_2014,Kremlin Cup,2014,ATP250,Hard
Stockholm Open_2014,Stockholm Open,2014,ATP250,Hard
Erste Bank Open_2014,Erste Bank Open,2014,ATP250,Hard
Swiss Indoors_2014,Swiss Indoors,2014,ATP500,Hard
Valencia Open 500_2014,Valencia Open 500,2014,ATP500,Hard
BNP Paribas Masters_2014,BNP Paribas Masters,2014,MASTERS 1000,Hard
Brisbane International_2015,Brisbane International,2015,ATP250,Hard
Chennai Open_2015,Chennai Open,2015,ATP250,Hard
Qatar Exxon Mobil Open_2015,Qatar Exxon Mobil Open,2015,ATP250,Hard
Heineken Open_2015,Heineken Open,2015,ATP250,Hard
Apia International_2015,Apia International,2015,ATP250,Hard
Australian Open_2015,Australian Open,2015,GRAND SLAM,Hard
Open Sud de France_2015,Open Sud de France,2015,ATP250,Hard
Ecuador Open_2015,Ecuador Open,2015,ATP250,Clay
PBZ Zagreb Indoors_2015,PBZ Zagreb Indoors,2015,ATP250,Hard
Memphis Open_2015,Memphis Open,2015,ATP250,Hard
ABN AMRO World Tennis Tournament_2015,ABN AMRO World Tennis Tournament,2015,ATP500,Hard
Brasil Open_2015,Brasil Open,2015,ATP250,Clay
Delray Beach Open_2015,Delray Beach Open,2015,ATP250,Hard
Open 13_2015,Open 13,2015,ATP250,Hard
Rio Open_2015,Rio Open,2015,ATP500,Clay
Abierto Mexicano_2015,Abierto Mexicano,2015,ATP500,Hard
Argentina Open_2015,Argentina Open,2015,ATP250,Clay
Dubai Tennis Championships_2015,Dubai Tennis Championships,2015,ATP500,Hard
BNP Paribas Open_2015,BNP Paribas Open,2015,MASTERS 1000,Hard
Sony Ericsson Open_2015,Sony Ericsson Open,2015,MASTERS 1000,Hard
Grand Prix Hassan II_2015,Grand Prix Hassan II,2015,ATP250,Clay
U.S. Men's Clay Court Championships_2015,U.S. Men's Clay Court Championships,2015,ATP250,Clay
Monte Carlo Masters_2015,Monte Carlo Masters,2015,MASTERS 1000,Clay
Open Banco Sabadell _2015,Open Banco Sabadell ,2015,ATP500,Clay
BRD Nastase Tiriac Trophy_2015,BRD Nastase Tiriac Trophy,2015,ATP250,Clay
Millenium Estoril Open_2015,Millenium Estoril Open,2015,ATP250,Clay
Istanbul Open_2015,Istanbul Open,2015,ATP250,Clay
BMW Open_2015,BMW Open,2015,ATP250,Clay
Mutua Madrid Open_2015,Mutua Madrid Open,2015,MASTERS 1000,Clay
Internazionali BNL d'Italia_2015,Internazionali BNL d'Italia,2015,MASTERS 1000,Clay
Geneva Open_2015,Geneva Open,2015,ATP250,Clay
Open de Nice Côte dAzur_2015,Open de Nice Côte dAzur,2015,ATP250,Clay
French Open_2015,French Open,2015,GRAND SLAM,Clay
Topshelf Open_2015,Topshelf Open,2015,ATP250,Grass
Mercedes Cup_2015,Mercedes Cup,2015,ATP250,Grass
Gerry Weber Open_2015,Gerry Weber Open,2015,ATP500,Grass
AEGON Championships_2015,AEGON Championships,2015,ATP500,Grass
AEGON Open_2015,AEGON Open,2015,ATP500,Grass
Wimbledon_2015,Wimbledon,2015,GRAND SLAM,Grass
Hall of Fame Championships_2015,Hall of Fame Championships,2015,ATP250,Grass
SkiStar Swedish Open_2015,SkiStar Swedish Open,2015,ATP250,Clay
Claro Open Colombia_2015,Claro Open Colombia,2015,ATP250,Clay
Konzum Croatia Open_2015,Konzum Croatia Open,2015,ATP250,Clay
BB&T Atlanta Open_2015,BB&T Atlanta Open,2015,ATP250,Hard
Suisse Open Gstaad_2015,Suisse Open Gstaad,2015,ATP250,Clay
bet-at-home Open_2015,bet-at-home Open,2015,ATP500,Clay
Generali Open_2015,Generali Open,2015,ATP250,Clay
Citi Open_2015,Citi Open,2015,ATP500,Hard
Rogers Masters_2015,Rogers Masters,2015,MASTERS 1000,Hard
Western & Southern Financial Group Masters_2015,Western & Southern Financial Group Masters,2015,MASTERS 1000,Hard
Winston-Salem Open at Wake Forest University_2015,Winston-Salem Open at Wake Forest University,2015,ATP250,Hard
US Open_2015,US Open,2015,GRAND SLAM,Hard
Open de Moselle_2015,Open de Moselle,2015,ATP250,Hard
St. Petersburg Open_2015,St. Petersburg Open,2015,ATP250,Hard
Malaysian Open_2015,Malaysian Open,2015,ATP250,Hard
Shenzhen Open_2015,Shenzhen Open,2015,ATP250,Hard
China Open_2015,China Open,2015,ATP500,Hard
Rakuten Japan Open Tennis Championships_2015,Rakuten Japan Open Tennis Championships,2015,ATP500,Hard
Shanghai Masters_2015,Shanghai Masters,2015,MASTERS 1000,Hard
Kremlin Cup_2015,Kremlin Cup,2015,ATP250,Hard
Stockholm Open_2015,Stockholm Open,2015,ATP250,Hard
Erste Bank Open_2015,Erste Bank Open,2015,ATP250,Hard
Swiss Indoors_2015,Swiss Indoors,2015,ATP500,Hard
Valencia Open 500_2015,Valencia Open 500,2015,ATP500,Hard
BNP Paribas Masters_2015,BNP Paribas Masters,2015,MASTERS 1000,Hard
Brisbane International_2016,Brisbane International,2016,ATP250,Hard
Chennai Open_2016,Chennai Open,2016,ATP250,Hard
Qatar Exxon Mobil Open_2016,Qatar Exxon Mobil Open,2016,ATP250,Hard
ASB Classic_2016,ASB Classic,2016,ATP250,Hard
Apia International_2016,Apia International,2016,ATP250,Hard
Australian Open_2016,Australian Open,2016,GRAND SLAM,Hard
Open Sud de France_2016,Open Sud de France,2016,ATP250,Hard
Ecuador Open_2016,Ecuador Open,2016,ATP250,Clay
Garanti Koza Sofia Open_2016,Garanti Koza Sofia Open,2016,ATP250,Hard
Argentina Open_2016,Argentina Open,2016,ATP250,Clay
Memphis Open_2016,Memphis Open,2016,ATP250,Hard
ABN AMRO World Tennis Tournament_2016,ABN AMRO World Tennis Tournament,2016,ATP500,Hard
Delray Beach Open_2016,Delray Beach Open,2016,ATP250,Hard
Open 13_2016,Open 13,2016,ATP250,Hard
Rio Open_2016,Rio Open,2016,ATP500,Clay
Abierto Mexicano_2016,Abierto Mexicano,2016,ATP500,Hard
Dubai Tennis Championships_2016,Dubai Tennis Championships,2016,ATP500,Hard
Brasil Open_2016,Brasil Open,2016,ATP250,Clay
BNP Paribas Open_2016,BNP Paribas Open,2016,MASTERS 1000,Hard
Sony Ericsson Open_2016,Sony Ericsson Open,2016,MASTERS 1000,Hard
U.S. Men's Clay Court Championships_2016,U.S. Men's Clay Court Championships,2016,ATP250,Clay
Grand Prix Hassan II_2016,Grand Prix Hassan II,2016,ATP250,Clay
Monte Carlo Masters_2016,Monte Carlo Masters,2016,MASTERS 1000,Clay
Open Banco Sabadell _2016,Open Banco Sabadell ,2016,ATP500,Clay
BRD Nastase Tiriac Trophy_2016,BRD Nastase Tiriac Trophy,2016,ATP250,Clay
Millenium Estoril Open_2016,Millenium Estoril Open,2016,ATP250,Clay
Istanbul Open_2016,Istanbul Open,2016,ATP250,Clay
BMW Open_2016,BMW Open,2016,ATP250,Clay
Mutua Madrid Open_2016,Mutua Madrid Open,2016,MASTERS 1000,Clay
Internazionali BNL d'Italia_2016,Internazionali BNL d'Italia,2016,MASTERS 1000,Clay
Geneva Open_2016,Geneva Open,2016,ATP250,Clay
Open de Nice Côte dAzur_2016,Open de Nice Côte dAzur,2016,ATP250,Clay
French Open_2016,French Open,2016,GRAND SLAM,Clay
Topshelf Open_2016,Topshelf Open,2016,ATP250,Grass
Mercedes Cup_2016,Mercedes Cup,2016,ATP250,Grass
Gerry Weber Open_2016,Gerry Weber Open,2016,ATP500,Grass
AEGON Championships_2016,AEGON Championships,2016,ATP500,Grass
AEGON Open_2016,AEGON Open,2016,ATP500,Grass
Wimbledon_2016,Wimbledon,2016,GRAND SLAM,Grass
SkiStar Swedish Open_2016,SkiStar Swedish Open,2016,ATP250,Clay
German Tennis Championships_2016,German Tennis Championships,2016,ATP500,Clay
Hall of Fame Championships_2016,Hall of Fame Championships,2016,ATP250,Grass
Suisse Open Gstaad_2016,Suisse Open Gstaad,2016,ATP250,Clay
Generali Open_2016,Generali Open,2016,ATP250,Clay
Konzum Croatia Open_2016,Konzum Croatia Open,2016,ATP250,Clay
Citi Open_2016,Citi Open,2016,ATP500,Hard
Rogers Masters_2016,Rogers Masters,2016,MASTERS 1000,Hard
BB&T Atlanta Open_2016,BB&T Atlanta Open,2016,ATP250,Hard
Abierto Mexicano Mifel_2016,Abierto Mexicano Mifel,2016,ATP250,Hard
Western & Southern Financial Group Masters_2016,Western & Southern Financial Group Masters,2016,MASTERS 1000,Hard
Winston-Salem Open at Wake Forest University_2016,Winston-Salem Open at Wake Forest University,2016,ATP250,Hard
US Open_2016,US Open,2016,GRAND SLAM,Hard
Open de Moselle_2016,Open de Moselle,2016,ATP250,Hard
St. Petersburg Open_2016,St. Petersburg Open,2016,ATP250,Hard
