Finalista,Series,Tournament,Year,WRank,Surface,LRank,Tournament_Year
Agassi A.,Grand Slam,Australian Open,2000,1,Hard,0,Australian Open_2000
Kuerten G.,Grand Slam,French Open,2000,5,Clay,0,French Open_2000
Sampras P.,Grand Slam,Wimbledon,2000,3,Grass,0,Wimbledon_2000
Safin M.,Grand Slam,US Open,2000,7,Hard,0,US Open_2000
Agassi A.,Grand Slam,Australian Open,2001,6,Hard,0,Australian Open_2001
Kuerten G.,Grand Slam,French Open,2001,1,Clay,0,French Open_2001
Ivanisevic G.,Grand Slam,Wimbledon,2001,125,Grass,0,Wimbledon_2001
Hewitt L.,Grand Slam,US Open,2001,4,Hard,0,US Open_2001
Johansson T.,Grand Slam,Australian Open,2002,18,Hard,0,Australian Open_2002
Costa A.,Grand Slam,French Open,2002,22,Clay,0,French Open_2002
Hewitt L.,Grand Slam,Wimbledon,2002,1,Grass,0,Wimbledon_2002
Sampras P.,Grand Slam,US Open,2002,17,Hard,0,US Open_2002
Agassi A.,Grand Slam,Australian Open,2003,2,Hard,0,Australian Open_2003
Ferrero J.C.,Grand Slam,French Open,2003,3,Clay,0,French Open_2003
Federer R.,Grand Slam,Wimbledon,2003,5,Grass,0,Wimbledon_2003
Roddick A.,Grand Slam,US Open,2003,4,Hard,0,US Open_2003
Federer R.,Grand Slam,Australian Open,2004,2,Hard,0,Australian Open_2004
Gaudio G.,Grand Slam,French Open,2004,44,Clay,0,French Open_2004
Federer R.,Grand Slam,Wimbledon,2004,1,Grass,0,Wimbledon_2004
Federer R.,Grand Slam,US Open,2004,1,Hard,0,US Open_2004
Safin M.,Grand Slam,Australian Open,2005,4,Hard,0,Australian Open_2005
Nadal R.,Grand Slam,French Open,2005,5,Clay,0,French Open_2005
Federer R.,Grand Slam,Wimbledon,2005,1,Grass,0,Wimbledon_2005
Federer R.,Grand Slam,US Open,2005,1,Hard,0,US Open_2005
Federer R.,Grand Slam,Australian Open,2006,1,Hard,0,Australian Open_2006
Nadal R.,Grand Slam,French Open,2006,2,Clay,0,French Open_2006
Federer R.,Grand Slam,Wimbledon,2006,1,Grass,0,Wimbledon_2006
Federer R.,Grand Slam,US Open,2006,1,Hard,0,US Open_2006
Federer R.,Grand Slam,Australian Open,2007,1,Hard,0,Australian Open_2007
Nadal R.,Grand Slam,French Open,2007,2,Clay,0,French Open_2007
Federer R.,Grand Slam,Wimbledon,2007,1,Grass,0,Wimbledon_2007
Federer R.,Grand Slam,US Open,2007,1,Hard,0,US Open_2007
Djokovic N.,Grand Slam,Australian Open,2008,3,Hard,0,Australian Open_2008
Nadal R.,Grand Slam,French Open,2008,2,Clay,0,French Open_2008
Nadal R.,Grand Slam,Wimbledon,2008,2,Grass,0,Wimbledon_2008
Federer R.,Grand Slam,US Open,2008,2,Hard,0,US Open_2008
Del Potro J.M.,ATP250,Heineken Open,2009,9,Hard,0,Heineken Open_2009
Nalbandian D.,ATP250,Medibank International,2009,11,Hard,0,Medibank International_2009
Nadal R.,Grand Slam,Australian Open,2009,1,Hard,0,Australian Open_2009
Tsonga J.W.,ATP250,SA Tennis Open,2009,14,Hard,0,SA Tennis Open_2009
Gonzalez F.,ATP250,Movistar Open,2009,18,Clay,0,Movistar Open_2009
Cilic M.,ATP250,PBZ Zagreb Indoors,2009,22,Hard,0,PBZ Zagreb Indoors_2009
Robredo T.,ATP250,Brasil Open,2009,19,Clay,0,Brasil Open_2009
Murray A.,ATP500,ABN AMRO World Tennis Tournament,2009,4,Hard,0,ABN AMRO World Tennis Tournament_2009
Stepanek R.,ATP250,SAP Open,2009,21,Hard,0,SAP Open_2009
Robredo T.,ATP250,Copa Telmex,2009,17,Clay,0,Copa Telmex_2009
Tsonga J.W.,ATP250,Open 13,2009,12,Hard,0,Open 13_2009
Roddick A.,ATP250,Regions Morgan Keegan Championships,2009,6,Hard,0,Regions Morgan Keegan Championships_2009
Almagro N.,ATP500,Abierto Mexicano,2009,21,Clay,0,Abierto Mexicano_2009
Fish M.,ATP250,International Championships,2009,20,Hard,0,International Championships_2009
Djokovic N.,ATP500,Dubai Tennis Championships,2009,3,Hard,0,Dubai Tennis Championships_2009
Nadal R.,Masters 1000,BNP Paribas Open,2009,1,Hard,0,BNP Paribas Open_2009
Murray A.,Masters 1000,Sony Ericsson Open,2009,4,Hard,0,Sony Ericsson Open_2009
Ferrero J.C.,ATP250,Grand Prix Hassan II,2009,115,Clay,0,Grand Prix Hassan II_2009
Hewitt L.,ATP250,U.S. Men's Clay Court Championships,2009,88,Clay,0,U.S. Men's Clay Court Championships_2009
Nadal R.,Masters 1000,Monte Carlo Masters,2009,1,Clay,0,Monte Carlo Masters_2009
Nadal R.,ATP500,Open Banco Sabadell ,2009,1,Clay,0,Open Banco Sabadell _2009
Nadal R.,Masters 1000,Internazionali BNL d'Italia,2009,1,Clay,0,Internazionali BNL d'Italia_2009
Djokovic N.,ATP250,Serbia Open,2009,3,Clay,0,Serbia Open_2009
Montanes A.,ATP250,Estoril Open,2009,35,Clay,0,Estoril Open_2009
Berdych T.,ATP250,BMW Open,2009,28,Clay,0,BMW Open_2009
Federer R.,Masters 1000,Mutua Madrileña Madrid Open,2009,2,Clay,0,Mutua Madrileña Madrid Open_2009
Garcia-Lopez G.,ATP250,Austrian Open,2009,74,Clay,0,Austrian Open_2009
Federer R.,Grand Slam,French Open,2009,2,Clay,0,French Open_2009
Haas T.,ATP250,Gerry Weber Open,2009,41,Grass,0,Gerry Weber Open_2009
Murray A.,ATP250,AEGON Championships,2009,3,Grass,0,AEGON Championships_2009
Tursunov D.,ATP250,AEGON International,2009,27,Grass,0,AEGON International_2009
Becker B.,ATP250,Ordina Open,2009,82,Grass,0,Ordina Open_2009
Federer R.,Grand Slam,Wimbledon,2009,2,Grass,0,Wimbledon_2009
Querrey S.,ATP250,Hall of Fame Championships,2009,39,Grass,0,Hall of Fame Championships_2009
Soderling R.,ATP250,Catella Swedish Open,2009,12,Clay,0,Catella Swedish Open_2009
Chardy J.,ATP250,Mercedes Cup,2009,43,Clay,0,Mercedes Cup_2009
Davydenko N.,ATP500,International German Open,2009,12,Clay,0,International German Open_2009
Ginepri R.,ATP250,Indianapolis Tennis Championships,2009,95,Hard,0,Indianapolis Tennis Championships_2009
Bellucci T.,ATP250,Allianz Suisse Open,2009,119,Clay,0,Allianz Suisse Open_2009
Querrey S.,ATP250,LA Tennis Open,2009,32,Hard,0,LA Tennis Open_2009
Davydenko N.,ATP250,Studena Croatia Open,2009,9,Clay,0,Studena Croatia Open_2009
Del Potro J.M.,ATP500,Legg Mason Classic,2009,6,Hard,0,Legg Mason Classic_2009
Murray A.,Masters 1000,Rogers Masters,2009,3,Hard,0,Rogers Masters_2009
Federer R.,Masters 1000,Western & Southern Financial Group Masters,2009,1,Hard,0,Western & Southern Financial Group Masters_2009
Verdasco F.,ATP250,Pilot Pen Tennis,2009,10,Hard,0,Pilot Pen Tennis_2009
Del Potro J.M.,Grand Slam,US Open,2009,6,Hard,0,US Open_2009
Montanes A.,ATP250,Open Romania,2009,53,Clay,0,Open Romania_2009
Monfils G.,ATP250,Open de Moselle,2009,13,Hard,0,Open de Moselle_2009
Simon G.,ATP250,Thailand Open,2009,10,Hard,0,Thailand Open_2009
Davydenko N.,ATP250,Proton Malaysian Open,2009,8,Hard,0,Proton Malaysian Open_2009
Djokovic N.,ATP500,China Open,2009,4,Hard,0,China Open_2009
Tsonga J.W.,ATP500,Rakuten Japan Open Tennis Championships,2009,7,Hard,0,Rakuten Japan Open Tennis Championships_2009
Davydenko N.,Masters 1000,Shanghai Masters,2009,8,Hard,0,Shanghai Masters_2009
Youzhny M.,ATP250,Kremlin Cup,2009,30,Hard,0,Kremlin Cup_2009
Baghdatis M.,ATP250,Stockholm Open,2009,66,Hard,0,Stockholm Open_2009
Ljubicic I.,ATP250,Grand Prix de Lyon,2009,29,Hard,0,Grand Prix de Lyon_2009
Stakhovsky S.,ATP250,St. Petersburg Open,2009,93,Hard,0,St. Petersburg Open_2009
Melzer J.,ATP250,BA-CA Tennis Trophy,2009,35,Hard,0,BA-CA Tennis Trophy_2009
Djokovic N. ,ATP500,Davidoff Swiss Indoors,2009,3,Hard,0,Davidoff Swiss Indoors_2009
Murray A. ,ATP500,Valencia Open 530,2009,4,Hard,0,Valencia Open 530_2009
Djokovic N.,Masters 1000,BNP Paribas Masters,2009,3,Hard,0,BNP Paribas Masters_2009
Roddick A.,ATP250,Brisbane International,2010,7,Hard,0,Brisbane International_2010
Cilic M.,ATP250,Chennai Open,2010,14,Hard,0,Chennai Open_2010
Davydenko N.,ATP250,Qatar Exxon Mobil Open,2010,6,Hard,0,Qatar Exxon Mobil Open_2010
Isner J.,ATP250,Heineken Open,2010,33,Hard,0,Heineken Open_2010
Baghdatis M.,ATP250,Medibank International,2010,42,Hard,0,Medibank International_2010
Federer R.,Grand Slam,Australian Open,2010,1,Hard,0,Australian Open_2010
Lopez F.,ATP250,SA Tennis Open,2010,39,Hard,0,SA Tennis Open_2010
Bellucci T.,ATP250,Movistar Open,2010,35,Clay,0,Movistar Open_2010
Cilic M.,ATP250,PBZ Zagreb Indoors,2010,10,Hard,0,PBZ Zagreb Indoors_2010
Ferrero J.C.,ATP250,Brasil Open,2010,22,Clay,0,Brasil Open_2010
Soderling R.,ATP500,ABN AMRO World Tennis Tournament,2010,8,Hard,0,ABN AMRO World Tennis Tournament_2010
Verdasco F.,ATP250,SAP Open,2010,11,Hard,0,SAP Open_2010
Ferrero J.C.,ATP250,Copa Telmex,2010,22,Clay,0,Copa Telmex_2010
Llodra M.,ATP250,Open 13,2010,79,Hard,0,Open 13_2010
Querrey S.,ATP500,Regions Morgan Keegan Championships,2010,31,Hard,0,Regions Morgan Keegan Championships_2010
Ferrer D.,ATP500,Abierto Mexicano,2010,17,Clay,0,Abierto Mexicano_2010
Gulbis E.,ATP250,International Championships,2010,72,Hard,0,International Championships_2010
Djokovic N.,ATP500,Dubai Tennis Championships,2010,2,Hard,0,Dubai Tennis Championships_2010
Ljubicic I.,Masters 1000,BNP Paribas Open,2010,26,Hard,0,BNP Paribas Open_2010
Roddick A.,Masters 1000,Sony Ericsson Open,2010,8,Hard,0,Sony Ericsson Open_2010
Wawrinka S.,ATP250,Grand Prix Hassan II,2010,23,Clay,0,Grand Prix Hassan II_2010
Chela J.I.,ATP250,U.S. Men's Clay Court Championships,2010,82,Clay,0,U.S. Men's Clay Court Championships_2010
Nadal R.,Masters 1000,Monte Carlo Masters,2010,3,Clay,0,Monte Carlo Masters_2010
Verdasco F.,ATP500,Open Banco Sabadell ,2010,9,Clay,0,Open Banco Sabadell _2010
Nadal R.,Masters 1000,Internazionali BNL d'Italia,2010,3,Clay,0,Internazionali BNL d'Italia_2010
Querrey S.,ATP250,Serbia Open,2010,22,Clay,0,Serbia Open_2010
Montanes A.,ATP250,Estoril Open,2010,34,Clay,0,Estoril Open_2010
Youzhny M.,ATP250,BMW Open,2010,15,Clay,0,BMW Open_2010
Nadal R.,Masters 1000,Mutua Madrileña Madrid Open,2010,3,Clay,0,Mutua Madrileña Madrid Open_2010
Gasquet R.,ATP250,Open de Nice Côte dAzur,2010,68,Clay,0,Open de Nice Côte dAzur_2010
Nadal R.,Grand Slam,French Open,2010,2,Clay,0,French Open_2010
Hewitt L.,ATP250,Gerry Weber Open,2010,32,Grass,0,Gerry Weber Open_2010
Querrey S.,ATP250,AEGON Championships,2010,23,Grass,0,AEGON Championships_2010
Llodra M.,ATP250,AEGON International,2010,46,Grass,0,AEGON International_2010
Stakhovsky S.,ATP250,Unicef Open,2010,71,Grass,0,Unicef Open_2010
Nadal R.,Grand Slam,Wimbledon,2010,1,Grass,0,Wimbledon_2010
Fish M.,ATP250,Hall of Fame Championships,2010,79,Grass,0,Hall of Fame Championships_2010
Almagro N.,ATP250,SkiStar Swedish Open,2010,20,Clay,0,SkiStar Swedish Open_2010
Montanes A.,ATP250,Mercedes Cup,2010,30,Clay,0,Mercedes Cup_2010
Fish M.,ATP250,Atlanta Tennis Championships,2010,49,Hard,0,Atlanta Tennis Championships_2010
Golubev A.,ATP500,German Open Tennis Championships ,2010,82,Clay,0,German Open Tennis Championships _2010
Almagro N.,ATP250,Allianz Suisse Open,2010,18,Clay,0,Allianz Suisse Open_2010
Querrey S.,ATP250,Farmers Classic,2010,20,Hard,0,Farmers Classic_2010
Ferrero J.C.,ATP250,Studena Croatia Open,2010,22,Clay,0,Studena Croatia Open_2010
Nalbandian D.,ATP500,Legg Mason Classic,2010,117,Hard,0,Legg Mason Classic_2010
Federer R.,Masters 1000,Western & Southern Financial Group Masters,2010,2,Hard,0,Western & Southern Financial Group Masters_2010
Stakhovsky S.,ATP250,Pilot Pen Tennis,2010,47,Hard,0,Pilot Pen Tennis_2010
Nadal R.,Grand Slam,US Open,2010,1,Hard,0,US Open_2010
Chela J.I.,ATP250,Open Romania,2010,53,Clay,0,Open Romania_2010
Simon G.,ATP250,Open de Moselle,2010,41,Hard,0,Open de Moselle_2010
Garcia-Lopez G.,ATP250,Thailand Open,2010,53,Hard,0,Thailand Open_2010
Youzhny M.,ATP250,Proton Malaysian Open,2010,9,Hard,0,Proton Malaysian Open_2010
Djokovic N.,ATP500,China Open,2010,2,Hard,0,China Open_2010
Nadal R.,ATP500,Rakuten Japan Open Tennis Championships,2010,1,Hard,0,Rakuten Japan Open Tennis Championships_2010
Murray A.,Masters 1000,Shanghai Masters,2010,4,Hard,0,Shanghai Masters_2010
Troicki V.,ATP250,Kremlin Cup,2010,43,Hard,0,Kremlin Cup_2010
Federer R.,ATP250,Stockholm Open,2010,2,Hard,0,Stockholm Open_2010
Monfils G.,ATP250,Open Sud de France,2010,15,Hard,0,Open Sud de France_2010
Kukushkin M.,ATP250,St. Petersburg Open,2010,88,Hard,0,St. Petersburg Open_2010
Melzer J.,ATP250,BA-CA Tennis Trophy,2010,12,Hard,0,BA-CA Tennis Trophy_2010
Federer R.,ATP500,Swiss Indoors,2010,2,Hard,0,Swiss Indoors_2010
Ferrer D.,ATP500,Valencia Open 530,2010,8,Hard,0,Valencia Open 530_2010
Soderling R.,Masters 1000,BNP Paribas Masters,2010,5,Hard,0,BNP Paribas Masters_2010
Soderling R.,ATP250,Brisbane International,2011,5,Hard,0,Brisbane International_2011
Wawrinka S.,ATP250,Chennai Open,2011,21,Hard,0,Chennai Open_2011
Federer R.,ATP250,Qatar Exxon Mobil Open,2011,2,Hard,0,Qatar Exxon Mobil Open_2011
Ferrer D.,ATP250,Heineken Open,2011,7,Hard,0,Heineken Open_2011
Simon G.,ATP250,Medibank International,2011,41,Hard,0,Medibank International_2011
Djokovic N.,Grand Slam,Australian Open,2011,3,Hard,0,Australian Open_2011
Anderson K.,ATP250,SA Tennis Open,2011,59,Hard,0,SA Tennis Open_2011
Robredo T.,ATP250,Movistar Open,2011,40,Clay,0,Movistar Open_2011
Dodig I.,ATP250,PBZ Zagreb Indoors,2011,84,Hard,0,PBZ Zagreb Indoors_2011
Almagro N.,ATP250,Brasil Open,2011,13,Clay,0,Brasil Open_2011
Soderling R.,ATP500,ABN AMRO World Tennis Tournament,2011,4,Hard,0,ABN AMRO World Tennis Tournament_2011
Raonic M.,ATP250,SAP Open,2011,84,Hard,0,SAP Open_2011
Almagro N.,ATP250,Copa Claro,2011,13,Clay,0,Copa Claro_2011
Soderling R.,ATP250,Open 13,2011,4,Hard,0,Open 13_2011
Roddick A.,ATP500,Regions Morgan Keegan Championships,2011,8,Hard,0,Regions Morgan Keegan Championships_2011
Ferrer D.,ATP500,Abierto Mexicano,2011,6,Clay,0,Abierto Mexicano_2011
Del Potro J.M.,ATP250,International Championships,2011,166,Hard,0,International Championships_2011
Djokovic N.,ATP500,Dubai Tennis Championships,2011,3,Hard,0,Dubai Tennis Championships_2011
Djokovic N.,Masters 1000,BNP Paribas Open,2011,3,Hard,0,BNP Paribas Open_2011
Djokovic N.,Masters 1000,Sony Ericsson Open,2011,2,Hard,0,Sony Ericsson Open_2011
Andujar P.,ATP250,Grand Prix Hassan II,2011,69,Clay,0,Grand Prix Hassan II_2011
Sweeting R.,ATP250,U.S. Men's Clay Court Championships,2011,61,Clay,0,U.S. Men's Clay Court Championships_2011
Nadal R.,Masters 1000,Monte Carlo Masters,2011,1,Clay,0,Monte Carlo Masters_2011
Nadal R.,ATP500,Open Banco Sabadell ,2011,1,Clay,0,Open Banco Sabadell _2011
Djokovic N.,ATP250,Serbia Open,2011,2,Clay,0,Serbia Open_2011
Del Potro J.M.,ATP250,Estoril Open,2011,46,Clay,0,Estoril Open_2011
Davydenko N.,ATP250,BMW Open,2011,40,Clay,0,BMW Open_2011
Djokovic N.,Masters 1000,Mutua Madrileña Madrid Open,2011,2,Clay,0,Mutua Madrileña Madrid Open_2011
Djokovic N.,Masters 1000,Internazionali BNL d'Italia,2011,2,Clay,0,Internazionali BNL d'Italia_2011
Almagro N.,ATP250,Open de Nice Côte dAzur,2011,12,Clay,0,Open de Nice Côte dAzur_2011
Nadal R.,Grand Slam,French Open,2011,1,Clay,0,French Open_2011
Kohlschreiber P.,ATP250,Gerry Weber Open,2011,49,Grass,0,Gerry Weber Open_2011
Murray A.,ATP250,AEGON Championships,2011,4,Grass,0,AEGON Championships_2011
Seppi A.,ATP250,AEGON International,2011,51,Grass,0,AEGON International_2011
Tursunov D.,ATP250,Unicef Open,2011,70,Grass,0,Unicef Open_2011
Djokovic N.,Grand Slam,Wimbledon,2011,2,Grass,0,Wimbledon_2011
Isner J.,ATP250,Hall of Fame Championships,2011,46,Grass,0,Hall of Fame Championships_2011
Soderling R.,ATP250,SkiStar Swedish Open,2011,5,Clay,0,SkiStar Swedish Open_2011
Ferrero J.C.,ATP250,Mercedes Cup,2011,85,Clay,0,Mercedes Cup_2011
Fish M.,ATP250,Atlanta Tennis Championships,2011,9,Hard,0,Atlanta Tennis Championships_2011
Simon G.,ATP500,German Open Tennis Championships ,2011,18,Clay,0,German Open Tennis Championships _2011
Granollers M.,ATP250,Allianz Suisse Open,2011,45,Clay,0,Allianz Suisse Open_2011
Gulbis E.,ATP250,Farmers Classic,2011,84,Hard,0,Farmers Classic_2011
Dolgopolov O.,ATP250,Studena Croatia Open,2011,26,Clay,0,Studena Croatia Open_2011
Haase R.,ATP250,Bet-At-Home Cup,2011,53,Clay,0,Bet-At-Home Cup_2011
Stepanek R.,ATP500,Legg Mason Classic,2011,54,Hard,0,Legg Mason Classic_2011
Djokovic N.,Masters 1000,Rogers Masters,2011,1,Hard,0,Rogers Masters_2011
Murray A.,Masters 1000,Western & Southern Financial Group Masters,2011,4,Hard,0,Western & Southern Financial Group Masters_2011
Isner J.,ATP250,Winston-Salem Open at Wake Forest University,2011,28,Hard,0,Winston-Salem Open at Wake Forest University_2011
Djokovic N.,Grand Slam,US Open,2011,1,Hard,0,US Open_2011
Mayer F.,ATP250,Open Romania,2011,24,Clay,0,Open Romania_2011
Tsonga J.W.,ATP250,Open de Moselle,2011,10,Hard,0,Open de Moselle_2011
Murray A.,ATP250,Thailand Open,2011,4,Hard,0,Thailand Open_2011
Tipsarevic J.,ATP250,Malaysian Open,2011,17,Hard,0,Malaysian Open_2011
Berdych T.,ATP500,China Open,2011,10,Hard,0,China Open_2011
Murray A.,ATP500,Rakuten Japan Open Tennis Championships,2011,4,Hard,0,Rakuten Japan Open Tennis Championships_2011
Murray A.,Masters 1000,Shanghai Masters,2011,4,Hard,0,Shanghai Masters_2011
Tipsarevic J.,ATP250,Kremlin Cup,2011,14,Hard,0,Kremlin Cup_2011
Monfils G.,ATP250,Stockholm Open,2011,10,Hard,0,Stockholm Open_2011
Cilic M.,ATP250,St. Petersburg Open,2011,22,Hard,0,St. Petersburg Open_2011
Tsonga J.W.,ATP250,Erste Bank Open,2011,9,Hard,0,Erste Bank Open_2011
Federer R.,ATP500,Swiss Indoors,2011,4,Hard,0,Swiss Indoors_2011
Granollers M.,ATP500,Valencia Open 500,2011,34,Hard,0,Valencia Open 500_2011
Federer R.,Masters 1000,BNP Paribas Masters,2011,4,Hard,0,BNP Paribas Masters_2011
Murray A.,ATP250,Brisbane International,2012,4,Hard,0,Brisbane International_2012
Raonic M.,ATP250,Chennai Open,2012,31,Hard,0,Chennai Open_2012
Tsonga J.W.,ATP250,Qatar Exxon Mobil Open,2012,6,Hard,0,Qatar Exxon Mobil Open_2012
Ferrer D.,ATP250,Heineken Open,2012,5,Hard,0,Heineken Open_2012
Nieminen J.,ATP250,Apia International,2012,77,Hard,0,Apia International_2012
Djokovic N.,Grand Slam,Australian Open,2012,1,Hard,0,Australian Open_2012
Berdych T.,ATP250,Open Sud de France,2012,7,Hard,0,Open Sud de France_2012
Monaco J.,ATP250,VTR Open ,2012,29,Clay,0,VTR Open _2012
Youzhny M.,ATP250,PBZ Zagreb Indoors,2012,39,Hard,0,PBZ Zagreb Indoors_2012
Federer R.,ATP500,ABN AMRO World Tennis Tournament,2012,3,Hard,0,ABN AMRO World Tennis Tournament_2012
Raonic M.,ATP250,SAP Open,2012,32,Hard,0,SAP Open_2012
Almagro N.,ATP250,Brasil Open,2012,11,Clay,0,Brasil Open_2012
Ferrer D.,ATP250,Copa Claro,2012,5,Clay,0,Copa Claro_2012
Del Potro J.M.,ATP250,Open 13,2012,10,Hard,0,Open 13_2012
Melzer J.,ATP500,Regions Morgan Keegan Championships,2012,38,Hard,0,Regions Morgan Keegan Championships_2012
Ferrer D.,ATP500,Abierto Mexicano,2012,6,Clay,0,Abierto Mexicano_2012
Anderson K.,ATP250,International Championships,2012,36,Hard,0,International Championships_2012
Federer R.,ATP500,Dubai Tennis Championships,2012,3,Hard,0,Dubai Tennis Championships_2012
Federer R.,Masters 1000,BNP Paribas Open,2012,3,Hard,0,BNP Paribas Open_2012
Djokovic N.,Masters 1000,Sony Ericsson Open,2012,1,Hard,0,Sony Ericsson Open_2012
Andujar P.,ATP250,Grand Prix Hassan II,2012,58,Clay,0,Grand Prix Hassan II_2012
Monaco J.,ATP250,U.S. Men's Clay Court Championships,2012,16,Clay,0,U.S. Men's Clay Court Championships_2012
Nadal R.,Masters 1000,Monte Carlo Masters,2012,2,Clay,0,Monte Carlo Masters_2012
Nadal R.,ATP500,Open Banco Sabadell ,2012,2,Clay,0,Open Banco Sabadell _2012
Simon G.,ATP250,BRD Nastase Tiriac Trophy,2012,12,Clay,0,BRD Nastase Tiriac Trophy_2012
Seppi A.,ATP250,Serbia Open,2012,46,Clay,0,Serbia Open_2012
Del Potro J.M.,ATP250,Estoril Open,2012,12,Clay,0,Estoril Open_2012
Kohlschreiber P.,ATP250,BMW Open,2012,34,Clay,0,BMW Open_2012
Federer R.,Masters 1000,Mutua Madrid Open,2012,3,Clay,0,Mutua Madrid Open_2012
Nadal R.,Masters 1000,Internazionali BNL d'Italia,2012,3,Clay,0,Internazionali BNL d'Italia_2012
Almagro N.,ATP250,Open de Nice Côte dAzur,2012,11,Clay,0,Open de Nice Côte dAzur_2012
Nadal R.,Grand Slam,French Open,2012,2,Clay,0,French Open_2012
Haas T.,ATP250,Gerry Weber Open,2012,87,Grass,0,Gerry Weber Open_2012
Cilic M.,ATP250,AEGON Championships,2012,25,Grass,0,AEGON Championships_2012
Roddick A.,ATP250,AEGON International,2012,33,Grass,0,AEGON International_2012
Ferrer D.,ATP250,Unicef Open,2012,6,Grass,0,Unicef Open_2012
Federer R.,Grand Slam,Wimbledon,2012,3,Grass,0,Wimbledon_2012
Ferrer D.,ATP250,SkiStar Swedish Open,2012,5,Clay,0,SkiStar Swedish Open_2012
Isner J.,ATP250,Hall of Fame Championships,2012,11,Grass,0,Hall of Fame Championships_2012
Tipsarevic J.,ATP250,Mercedes Cup,2012,8,Clay,0,Mercedes Cup_2012
Cilic M.,ATP250,ATP Vegeta Croatia Open,2012,15,Clay,0,ATP Vegeta Croatia Open_2012
Roddick A.,ATP250,BB&T Atlanta Open,2012,27,Hard,0,BB&T Atlanta Open_2012
Bellucci T.,ATP250,Crédit Agricole Suisse Open Gstaad,2012,60,Clay,0,Crédit Agricole Suisse Open Gstaad_2012
Monaco J.,ATP500,German Open Tennis Championships ,2012,14,Clay,0,German Open Tennis Championships _2012
Haase R.,ATP250,Bet-At-Home Cup,2012,42,Clay,0,Bet-At-Home Cup_2012
Querrey S.,ATP250,Farmers Classic,2012,57,Hard,0,Farmers Classic_2012
Dolgopolov O.,ATP500,Citi Open,2012,25,Hard,0,Citi Open_2012
Federer R.,Masters 1000,Western & Southern Financial Group Masters,2012,1,Hard,0,Western & Southern Financial Group Masters_2012
Isner J.,ATP250,Winston-Salem Open at Wake Forest University,2012,14,Hard,0,Winston-Salem Open at Wake Forest University_2012
Murray A.,Grand Slam,US Open,2012,4,Hard,0,US Open_2012
Tsonga J.W.,ATP250,Open de Moselle,2012,7,Hard,0,Open de Moselle_2012
Klizan M.,ATP250,St. Petersburg Open,2012,45,Hard,0,St. Petersburg Open_2012
Gasquet R.,ATP250,Thailand Open,2012,14,Hard,0,Thailand Open_2012
Monaco J.,ATP250,Malaysian Open,2012,11,Hard,0,Malaysian Open_2012
Djokovic N.,ATP500,China Open,2012,2,Hard,0,China Open_2012
Nishikori K.,ATP500,Rakuten Japan Open Tennis Championships,2012,17,Hard,0,Rakuten Japan Open Tennis Championships_2012
Djokovic N.,Masters 1000,Shanghai Masters,2012,2,Hard,0,Shanghai Masters_2012
Seppi A.,ATP250,Kremlin Cup,2012,25,Hard,0,Kremlin Cup_2012
Berdych T.,ATP250,Stockholm Open,2012,6,Hard,0,Stockholm Open_2012
Del Potro J.M.,ATP250,Erste Bank Open,2012,8,Hard,0,Erste Bank Open_2012
Del Potro J.M.,ATP500,Swiss Indoors,2012,8,Hard,0,Swiss Indoors_2012
Ferrer D.,ATP500,Valencia Open 500,2012,5,Hard,0,Valencia Open 500_2012
Ferrer D.,Masters 1000,BNP Paribas Masters,2012,5,Hard,0,BNP Paribas Masters_2012
Murray A.,ATP250,Brisbane International,2013,3,Hard,0,Brisbane International_2013
Tipsarevic J.,ATP250,Chennai Open,2013,9,Hard,0,Chennai Open_2013
Gasquet R.,ATP250,Qatar Exxon Mobil Open,2013,10,Hard,0,Qatar Exxon Mobil Open_2013
Ferrer D.,ATP250,Heineken Open,2013,5,Hard,0,Heineken Open_2013
Tomic B.,ATP250,Apia International,2013,64,Hard,0,Apia International_2013
Djokovic N.,Grand Slam,Australian Open,2013,1,Hard,0,Australian Open_2013
Gasquet R.,ATP250,Open Sud de France,2013,10,Hard,0,Open Sud de France_2013
Zeballos H.,ATP250,VTR Open ,2013,73,Clay,0,VTR Open _2013
Cilic M.,ATP250,PBZ Zagreb Indoors,2013,12,Hard,0,PBZ Zagreb Indoors_2013
Del Potro J.M.,ATP500,ABN AMRO World Tennis Tournament,2013,7,Hard,0,ABN AMRO World Tennis Tournament_2013
Raonic M.,ATP250,SAP Open,2013,13,Hard,0,SAP Open_2013
Nadal R.,ATP250,Brasil Open,2013,5,Clay,0,Brasil Open_2013
Ferrer D.,ATP250,Copa Claro,2013,4,Clay,0,Copa Claro_2013
Tsonga J.W.,ATP250,Open 13,2013,8,Hard,0,Open 13_2013
Nishikori K.,ATP500,U.S. National Indoor Tennis Championships,2013,22,Hard,0,U.S. National Indoor Tennis Championships_2013
Nadal R.,ATP500,Abierto Mexicano,2013,5,Clay,0,Abierto Mexicano_2013
Gulbis E.,ATP250,International Championships,2013,109,Hard,0,International Championships_2013
Djokovic N.,ATP500,Dubai Tennis Championships,2013,1,Hard,0,Dubai Tennis Championships_2013
Nadal R.,Masters 1000,BNP Paribas Open,2013,5,Hard,0,BNP Paribas Open_2013
Murray A.,Masters 1000,Sony Ericsson Open,2013,3,Hard,0,Sony Ericsson Open_2013
Robredo T.,ATP250,Grand Prix Hassan II,2013,72,Clay,0,Grand Prix Hassan II_2013
Isner J.,ATP250,U.S. Men's Clay Court Championships,2013,23,Clay,0,U.S. Men's Clay Court Championships_2013
Djokovic N.,Masters 1000,Monte Carlo Masters,2013,1,Clay,0,Monte Carlo Masters_2013
Nadal R.,ATP500,Open Banco Sabadell ,2013,5,Clay,0,Open Banco Sabadell _2013
Rosol L.,ATP250,BRD Nastase Tiriac Trophy,2013,48,Clay,0,BRD Nastase Tiriac Trophy_2013
Haas T.,ATP250,BMW Open,2013,14,Clay,0,BMW Open_2013
Wawrinka S.,ATP250,Portugal Open,2013,16,Clay,0,Portugal Open_2013
Nadal R.,Masters 1000,Mutua Madrid Open,2013,5,Clay,0,Mutua Madrid Open_2013
Nadal R.,Masters 1000,Internazionali BNL d'Italia,2013,5,Clay,0,Internazionali BNL d'Italia_2013
Monaco J.,ATP250,Power Horse Cup,2013,19,Clay,0,Power Horse Cup_2013
Montanes A.,ATP250,Open de Nice Côte dAzur,2013,82,Clay,0,Open de Nice Côte dAzur_2013
Nadal R.,Grand Slam,French Open,2013,4,Clay,0,French Open_2013
Federer R.,ATP250,Gerry Weber Open,2013,3,Grass,0,Gerry Weber Open_2013
Murray A.,ATP250,AEGON Championships,2013,2,Grass,0,AEGON Championships_2013
Lopez F.,ATP250,AEGON International,2013,39,Grass,0,AEGON International_2013
Mahut N.,ATP250,Topshelf Open,2013,240,Grass,0,Topshelf Open_2013
Murray A.,Grand Slam,Wimbledon,2013,2,Grass,0,Wimbledon_2013
Berlocq C.,ATP250,SkiStar Swedish Open,2013,74,Clay,0,SkiStar Swedish Open_2013
Mahut N.,ATP250,Hall of Fame Championships,2013,127,Grass,0,Hall of Fame Championships_2013
Fognini F.,ATP250,Mercedes Cup,2013,31,Clay,0,Mercedes Cup_2013
Karlovic I.,ATP250,Claro Open Colombia,2013,155,Clay,0,Claro Open Colombia_2013
Fognini F.,ATP500,German Open Tennis Championships ,2013,25,Clay,0,German Open Tennis Championships _2013
Isner J.,ATP250,BB&T Atlanta Open,2013,22,Hard,0,BB&T Atlanta Open_2013
Youzhny M.,ATP250,Crédit Agricole Suisse Open Gstaad,2013,33,Clay,0,Crédit Agricole Suisse Open Gstaad_2013
Robredo T.,ATP250,ATP Vegeta Croatia Open,2013,28,Clay,0,ATP Vegeta Croatia Open_2013
Granollers M.,ATP250,Bet-At-Home Cup,2013,53,Clay,0,Bet-At-Home Cup_2013
Del Potro J.M.,ATP500,Citi Open,2013,7,Hard,0,Citi Open_2013
Nadal R.,Masters 1000,Rogers Masters,2013,4,Hard,0,Rogers Masters_2013
Nadal R.,Masters 1000,Western & Southern Financial Group Masters,2013,3,Hard,0,Western & Southern Financial Group Masters_2013
Melzer J.,ATP250,Winston-Salem Open at Wake Forest University,2013,32,Hard,0,Winston-Salem Open at Wake Forest University_2013
Nadal R.,Grand Slam,US Open,2013,2,Hard,0,US Open_2013
Simon G.,ATP250,Open de Moselle,2013,16,Hard,0,Open de Moselle_2013
Gulbis E.,ATP250,St. Petersburg Open,2013,36,Hard,0,St. Petersburg Open_2013
Raonic M.,ATP250,Thailand Open,2013,11,Hard,0,Thailand Open_2013
Sousa J.,ATP250,Malaysian Open,2013,77,Hard,0,Malaysian Open_2013
Djokovic N.,ATP500,China Open,2012,1,Hard,0,China Open_2012
Del Potro J.M.,ATP500,Rakuten Japan Open Tennis Championships,2012,7,Hard,0,Rakuten Japan Open Tennis Championships_2012
Djokovic N.,Masters 1000,Shanghai Masters,2013,2,Hard,0,Shanghai Masters_2013
Gasquet R.,ATP250,Kremlin Cup,2013,10,Hard,0,Kremlin Cup_2013
Dimitrov G.,ATP250,Stockholm Open,2013,28,Hard,0,Stockholm Open_2013
Haas T.,ATP250,Erste Bank Open,2013,12,Hard,0,Erste Bank Open_2013
Del Potro J.M.,ATP500,Swiss Indoors,2013,5,Hard,0,Swiss Indoors_2013
Youzhny M.,ATP500,Valencia Open 500,2013,21,Hard,0,Valencia Open 500_2013
Djokovic N.,Masters 1000,BNP Paribas Masters,2013,2,Hard,0,BNP Paribas Masters_2013
Hewitt L.,ATP250,Brisbane International,2014,60,Hard,0,Brisbane International_2014
Wawrinka S.,ATP250,Chennai Open,2014,8,Hard,0,Chennai Open_2014
Nadal R.,ATP250,Qatar Exxon Mobil Open,2014,1,Hard,0,Qatar Exxon Mobil Open_2014
Isner J.,ATP250,Heineken Open,2014,14,Hard,0,Heineken Open_2014
Del Potro J.M.,ATP250,Apia International,2014,5,Hard,0,Apia International_2014
Wawrinka S.,Grand Slam,Australian Open,2014,8,Hard,0,Australian Open_2014
Monfils G.,ATP250,Open Sud de France,2014,30,Hard,0,Open Sud de France_2014
Fognini F.,ATP250,Royal Guard Open Chile ,2014,15,Clay,0,Royal Guard Open Chile _2014
Cilic M.,ATP250,PBZ Zagreb Indoors,2014,37,Hard,0,PBZ Zagreb Indoors_2014
Ferrer D.,ATP250,Copa Claro,2014,5,Clay,0,Copa Claro_2014
Nishikori K.,ATP250,U.S. National Indoor Tennis Championships,2014,16,Hard,0,U.S. National Indoor Tennis Championships_2014
Berdych T.,ATP500,ABN AMRO World Tennis Tournament,2014,7,Hard,0,ABN AMRO World Tennis Tournament_2014
Cilic M.,ATP250,Delray Beach Open,2014,29,Hard,0,Delray Beach Open_2014
Gulbis E.,ATP250,Open 13,2014,23,Hard,0,Open 13_2014
Nadal R.,ATP500,Rio Open,2014,1,Clay,0,Rio Open_2014
Dimitrov G.,ATP500,Abierto Mexicano,2014,22,Hard,0,Abierto Mexicano_2014
Federer R.,ATP500,Dubai Tennis Championships,2014,8,Hard,0,Dubai Tennis Championships_2014
Delbonis F.,ATP250,Brasil Open,2014,61,Clay,0,Brasil Open_2014
Djokovic N.,Masters 1000,BNP Paribas Open,2014,2,Hard,0,BNP Paribas Open_2014
Djokovic N.,Masters 1000,Sony Ericsson Open,2014,2,Hard,0,Sony Ericsson Open_2014
Garcia-Lopez G.,ATP250,Grand Prix Hassan II,2014,53,Clay,0,Grand Prix Hassan II_2014
Verdasco F.,ATP250,U.S. Men's Clay Court Championships,2014,29,Clay,0,U.S. Men's Clay Court Championships_2014
Wawrinka S.,Masters 1000,Monte Carlo Masters,2014,3,Clay,0,Monte Carlo Masters_2014
Nishikori K.,ATP500,Open Banco Sabadell ,2014,17,Clay,0,Open Banco Sabadell _2014
Dimitrov G.,ATP250,BRD Nastase Tiriac Trophy,2014,16,Clay,0,BRD Nastase Tiriac Trophy_2014
Klizan M.,ATP250,BMW Open,2014,111,Clay,0,BMW Open_2014
Berlocq C.,ATP250,Portugal Open,2014,62,Clay,0,Portugal Open_2014
Nadal R.,Masters 1000,Mutua Madrid Open,2014,1,Clay,0,Mutua Madrid Open_2014
Djokovic N.,Masters 1000,Internazionali BNL d'Italia,2014,2,Clay,0,Internazionali BNL d'Italia_2014
Kohlschreiber P.,ATP250,Dusseldorf Open,2014,29,Clay,0,Dusseldorf Open_2014
Gulbis E.,ATP250,Open de Nice Côte dAzur,2014,19,Clay,0,Open de Nice Côte dAzur_2014
Nadal R.,Grand Slam,French Open,2014,1,Clay,0,French Open_2014
Federer R.,ATP250,Gerry Weber Open,2014,4,Grass,0,Gerry Weber Open_2014
Dimitrov G.,ATP250,AEGON Championships,2014,13,Grass,0,AEGON Championships_2014
Lopez F.,ATP250,AEGON International,2014,25,Grass,0,AEGON International_2014
Bautista R.,ATP250,Topshelf Open,2014,28,Grass,0,Topshelf Open_2014
Djokovic N.,Grand Slam,Wimbledon,2014,2,Grass,0,Wimbledon_2014
Cuevas P.,ATP250,SkiStar Swedish Open,2014,111,Clay,0,SkiStar Swedish Open_2014
Hewitt L.,ATP250,Hall of Fame Championships,2014,43,Grass,0,Hall of Fame Championships_2014
Bautista R.,ATP250,Mercedes Cup,2014,23,Clay,0,Mercedes Cup_2014
Tomic B.,ATP250,Claro Open Colombia,2014,124,Clay,0,Claro Open Colombia_2014
Mayer L.,ATP500,bet-at-home Open,2014,46,Clay,0,bet-at-home Open_2014
Isner J.,ATP250,BB&T Atlanta Open,2014,12,Hard,0,BB&T Atlanta Open_2014
Andujar P.,ATP250,Crédit Agricole Suisse Open Gstaad,2014,71,Clay,0,Crédit Agricole Suisse Open Gstaad_2014
Cuevas P.,ATP250,ATP Vegeta Croatia Open,2014,60,Clay,0,ATP Vegeta Croatia Open_2014
Goffin D.,ATP250,Bet-At-Home Cup,2014,78,Clay,0,Bet-At-Home Cup_2014
Raonic M.,ATP500,Citi Open,2014,7,Hard,0,Citi Open_2014
Tsonga J.W.,Masters 1000,Rogers Masters,2014,15,Hard,0,Rogers Masters_2014
Federer R.,Masters 1000,Western & Southern Financial Group Masters,2014,3,Hard,0,Western & Southern Financial Group Masters_2014
Rosol L.,ATP250,Winston-Salem Open at Wake Forest University,2014,33,Hard,0,Winston-Salem Open at Wake Forest University_2014
Cilic M.,Grand Slam,US Open,2014,16,Hard,0,US Open_2014
Goffin D.,ATP250,Open de Moselle,2014,45,Hard,0,Open de Moselle_2014
Nishikori K.,ATP250,Malaysian Open,2014,8,Hard,0,Malaysian Open_2014
Murray A.,ATP250,Shenzhen Open,2014,11,Hard,0,Shenzhen Open_2014
Djokovic N.,ATP500,China Open,2014,1,Hard,0,China Open_2014
Nishikori K.,ATP500,Rakuten Japan Open Tennis Championships,2014,7,Hard,0,Rakuten Japan Open Tennis Championships_2014
Federer R.,Masters 1000,Shanghai Masters,2014,3,Hard,0,Shanghai Masters_2014
Cilic M.,ATP250,Kremlin Cup,2014,8,Hard,0,Kremlin Cup_2014
Berdych T.,ATP250,Stockholm Open,2014,7,Hard,0,Stockholm Open_2014
Murray A.,ATP250,Erste Bank Open,2014,11,Hard,0,Erste Bank Open_2014
Federer R.,ATP500,Swiss Indoors,2014,2,Hard,0,Swiss Indoors_2014
Murray A.,ATP500,Valencia Open 500,2014,10,Hard,0,Valencia Open 500_2014
Djokovic N.,Masters 1000,BNP Paribas Masters,2014,1,Hard,0,BNP Paribas Masters_2014
Federer R.,ATP250,Brisbane International,2015,2,Hard,0,Brisbane International_2015
Wawrinka S.,ATP250,Chennai Open,2015,4,Hard,0,Chennai Open_2015
Ferrer D.,ATP250,Qatar Exxon Mobil Open,2015,10,Hard,0,Qatar Exxon Mobil Open_2015
Vesely J.,ATP250,Heineken Open,2015,65,Hard,0,Heineken Open_2015
Troicki V.,ATP250,Apia International,2015,94,Hard,0,Apia International_2015
Djokovic N.,Grand Slam,Australian Open,2015,1,Hard,0,Australian Open_2015
Gasquet R.,ATP250,Open Sud de France,2015,28,Hard,0,Open Sud de France_2015
Estrella Burgos V.,ATP250,Ecuador Open,2015,76,Clay,0,Ecuador Open_2015
Garcia-Lopez G.,ATP250,PBZ Zagreb Indoors,2015,33,Hard,0,PBZ Zagreb Indoors_2015
Nishikori K.,ATP250,Memphis Open,2015,5,Hard,0,Memphis Open_2015
Wawrinka S.,ATP500,ABN AMRO World Tennis Tournament,2015,8,Hard,0,ABN AMRO World Tennis Tournament_2015
Cuevas P.,ATP250,Brasil Open,2015,32,Clay,0,Brasil Open_2015
Karlovic I.,ATP250,Delray Beach Open,2015,29,Hard,0,Delray Beach Open_2015
Simon G.,ATP250,Open 13,2015,17,Hard,0,Open 13_2015
Ferrer D.,ATP500,Rio Open,2015,9,Clay,0,Rio Open_2015
Ferrer D.,ATP500,Abierto Mexicano,2015,9,Hard,0,Abierto Mexicano_2015
Nadal R.,ATP250,Argentina Open,2015,4,Clay,0,Argentina Open_2015
Federer R.,ATP500,Dubai Tennis Championships,2015,2,Hard,0,Dubai Tennis Championships_2015
Djokovic N.,Masters 1000,BNP Paribas Open,2015,1,Hard,0,BNP Paribas Open_2015
Djokovic N.,Masters 1000,Sony Ericsson Open,2015,1,Hard,0,Sony Ericsson Open_2015
Klizan M.,ATP250,Grand Prix Hassan II,2015,41,Clay,0,Grand Prix Hassan II_2015
Sock J.,ATP250,U.S. Men's Clay Court Championships,2015,46,Clay,0,U.S. Men's Clay Court Championships_2015
Djokovic N.,Masters 1000,Monte Carlo Masters,2015,1,Clay,0,Monte Carlo Masters_2015
Nishikori K.,ATP500,Open Banco Sabadell ,2015,5,Clay,0,Open Banco Sabadell _2015
Garcia-Lopez G.,ATP250,BRD Nastase Tiriac Trophy,2015,45,Clay,0,BRD Nastase Tiriac Trophy_2015
Gasquet R.,ATP250,Millenium Estoril Open,2015,28,Clay,0,Millenium Estoril Open_2015
Federer R.,ATP250,Istanbul Open,2015,2,Clay,0,Istanbul Open_2015
Murray A.,ATP250,BMW Open,2015,3,Clay,0,BMW Open_2015
Murray A.,Masters 1000,Mutua Madrid Open,2015,3,Clay,0,Mutua Madrid Open_2015
Djokovic N.,Masters 1000,Internazionali BNL d'Italia,2015,1,Clay,0,Internazionali BNL d'Italia_2015
Bellucci T.,ATP250,Geneva Open,2015,60,Clay,0,Geneva Open_2015
Thiem D.,ATP250,Open de Nice Côte dAzur,2015,42,Clay,0,Open de Nice Côte dAzur_2015
Wawrinka S.,Grand Slam,French Open,2015,9,Clay,0,French Open_2015
Mahut N.,ATP250,Topshelf Open,2015,97,Grass,0,Topshelf Open_2015
Nadal R.,ATP250,Mercedes Cup,2015,10,Grass,0,Mercedes Cup_2015
Federer R.,ATP500,Gerry Weber Open,2015,2,Grass,0,Gerry Weber Open_2015
Murray A.,ATP500,AEGON Championships,2015,3,Grass,0,AEGON Championships_2015
Istomin D.,ATP500,AEGON Open,2015,92,Grass,0,AEGON Open_2015
Djokovic N.,Grand Slam,Wimbledon,2015,1,Grass,0,Wimbledon_2015
Ram R.,ATP250,Hall of Fame Championships,2015,161,Grass,0,Hall of Fame Championships_2015
Paire B.,ATP250,SkiStar Swedish Open,2015,62,Clay,0,SkiStar Swedish Open_2015
Tomic B.,ATP250,Claro Open Colombia,2015,29,Clay,0,Claro Open Colombia_2015
Thiem D.,ATP250,Konzum Croatia Open,2015,26,Clay,0,Konzum Croatia Open_2015
Isner J.,ATP250,BB&T Atlanta Open,2015,19,Hard,0,BB&T Atlanta Open_2015
Thiem D.,ATP250,Suisse Open Gstaad,2015,24,Clay,0,Suisse Open Gstaad_2015
Nadal R.,ATP500,bet-at-home Open,2015,10,Clay,0,bet-at-home Open_2015
Kohlschreiber P.,ATP250,Generali Open,2015,39,Clay,0,Generali Open_2015
Nishikori K.,ATP500,Citi Open,2015,5,Hard,0,Citi Open_2015
Murray A.,Masters 1000,Rogers Masters,2015,3,Hard,0,Rogers Masters_2015
Federer R.,Masters 1000,Western & Southern Financial Group Masters,2015,3,Hard,0,Western & Southern Financial Group Masters_2015
Anderson K.,ATP250,Winston-Salem Open at Wake Forest University,2015,15,Hard,0,Winston-Salem Open at Wake Forest University_2015
Djokovic N.,Grand Slam,US Open,2015,1,Hard,0,US Open_2015
Tsonga J.W.,ATP250,Open de Moselle,2015,17,Hard,0,Open de Moselle_2015
Raonic M.,ATP250,St. Petersburg Open,2015,9,Hard,0,St. Petersburg Open_2015
Ferrer D.,ATP250,Malaysian Open,2015,8,Hard,0,Malaysian Open_2015
Berdych T.,ATP250,Shenzhen Open,2015,5,Hard,0,Shenzhen Open_2015
Djokovic N.,ATP500,China Open,2015,1,Hard,0,China Open_2015
Wawrinka S.,ATP500,Rakuten Japan Open Tennis Championships,2015,4,Hard,0,Rakuten Japan Open Tennis Championships_2015
Djokovic N.,Masters 1000,Shanghai Masters,2015,1,Hard,0,Shanghai Masters_2015
Cilic M.,ATP250,Kremlin Cup,2015,14,Hard,0,Kremlin Cup_2015
Berdych T.,ATP250,Stockholm Open,2015,5,Hard,0,Stockholm Open_2015
Ferrer D.,ATP250,Erste Bank Open,2015,8,Hard,0,Erste Bank Open_2015
Federer R.,ATP500,Swiss Indoors,2015,3,Hard,0,Swiss Indoors_2015
Sousa J.,ATP500,Valencia Open 500,2015,46,Hard,0,Valencia Open 500_2015
Djokovic N.,Masters 1000,BNP Paribas Masters,2015,1,Hard,0,BNP Paribas Masters_2015
Raonic M.,ATP250,Brisbane International,2016,14,Hard,0,Brisbane International_2016
Wawrinka S.,ATP250,Chennai Open,2016,4,Hard,0,Chennai Open_2016
Djokovic N.,ATP250,Qatar Exxon Mobil Open,2016,1,Hard,0,Qatar Exxon Mobil Open_2016
Bautista R.,ATP250,ASB Classic,2016,25,Hard,0,ASB Classic_2016
Troicki V.,ATP250,Apia International,2016,22,Hard,0,Apia International_2016
Djokovic N.,Grand Slam,Australian Open,2016,1,Hard,0,Australian Open_2016
Gasquet R.,ATP250,Open Sud de France,2016,10,Hard,0,Open Sud de France_2016
Estrella Burgos V.,ATP250,Ecuador Open,2016,35,Clay,0,Ecuador Open_2016
Bautista R.,ATP250,Garanti Koza Sofia Open,2016,18,Hard,0,Garanti Koza Sofia Open_2016
Thiem D.,ATP250,Argentina Open,2016,19,Clay,0,Argentina Open_2016
Nishikori K.,ATP250,Memphis Open,2016,7,Hard,0,Memphis Open_2016
Klizan M.,ATP500,ABN AMRO World Tennis Tournament,2016,43,Hard,0,ABN AMRO World Tennis Tournament_2016
Querrey S.,ATP250,Delray Beach Open,2016,61,Hard,0,Delray Beach Open_2016
Kyrgios N.,ATP250,Open 13,2016,41,Hard,0,Open 13_2016
Cuevas P.,ATP500,Rio Open,2016,45,Clay,0,Rio Open_2016
Thiem D.,ATP500,Abierto Mexicano,2016,15,Hard,0,Abierto Mexicano_2016
Wawrinka S.,ATP500,Dubai Tennis Championships,2016,4,Hard,0,Dubai Tennis Championships_2016
Cuevas P.,ATP250,Brasil Open,2016,27,Clay,0,Brasil Open_2016
Djokovic N.,Masters 1000,BNP Paribas Open,2016,1,Hard,0,BNP Paribas Open_2016
Djokovic N.,Masters 1000,Sony Ericsson Open,2016,1,Hard,0,Sony Ericsson Open_2016
Monaco J.,ATP250,U.S. Men's Clay Court Championships,2016,148,Clay,0,U.S. Men's Clay Court Championships_2016
Delbonis F.,ATP250,Grand Prix Hassan II,2016,47,Clay,0,Grand Prix Hassan II_2016
Nadal R.,Masters 1000,Monte Carlo Masters,2016,5,Clay,0,Monte Carlo Masters_2016
Nadal R.,ATP500,Open Banco Sabadell ,2016,5,Clay,0,Open Banco Sabadell _2016
Verdasco F.,ATP250,BRD Nastase Tiriac Trophy,2016,86,Clay,0,BRD Nastase Tiriac Trophy_2016
Almagro N.,ATP250,Millenium Estoril Open,2016,71,Clay,0,Millenium Estoril Open_2016
Schwartzman D.,ATP250,Istanbul Open,2016,87,Clay,0,Istanbul Open_2016
Kohlschreiber P.,ATP250,BMW Open,2016,27,Clay,0,BMW Open_2016
Djokovic N.,Masters 1000,Mutua Madrid Open,2016,1,Clay,0,Mutua Madrid Open_2016
Murray A.,Masters 1000,Internazionali BNL d'Italia,2016,3,Clay,0,Internazionali BNL d'Italia_2016
Wawrinka S.,ATP250,Geneva Open,2016,4,Clay,0,Geneva Open_2016
Thiem D.,ATP250,Open de Nice Côte dAzur,2016,15,Clay,0,Open de Nice Côte dAzur_2016
Djokovic N.,Grand Slam,French Open,2016,1,Clay,0,French Open_2016
Thiem D.,ATP250,Topshelf Open,2016,7,Grass,0,Topshelf Open_2016
Mahut N.,ATP250,Mercedes Cup,2016,49,Grass,0,Mercedes Cup_2016
Mayer F.,ATP500,Gerry Weber Open,2016,192,Grass,0,Gerry Weber Open_2016
Murray A.,ATP500,AEGON Championships,2016,2,Grass,0,AEGON Championships_2016
Johnson S.,ATP500,AEGON Open,2016,38,Grass,0,AEGON Open_2016
Murray A.,Grand Slam,Wimbledon,2016,2,Grass,0,Wimbledon_2016
Ramos-Vinolas A.,ATP250,SkiStar Swedish Open,2016,35,Clay,0,SkiStar Swedish Open_2016
Klizan M.,ATP500,German Tennis Championships,2016,47,Clay,0,German Tennis Championships_2016
Karlovic I.,ATP250,Hall of Fame Championships,2016,38,Grass,0,Hall of Fame Championships_2016
Lopez F.,ATP250,Suisse Open Gstaad,2016,21,Clay,0,Suisse Open Gstaad_2016
Lorenzi P.,ATP250,Generali Open,2016,48,Clay,0,Generali Open_2016
Fognini F.,ATP250,Konzum Croatia Open,2016,39,Clay,0,Konzum Croatia Open_2016
Monfils G.,ATP500,Citi Open,2016,17,Hard,0,Citi Open_2016
Djokovic N.,Masters 1000,Rogers Masters,2016,1,Hard,0,Rogers Masters_2016
Kyrgios N.,ATP250,BB&T Atlanta Open,2016,18,Hard,0,BB&T Atlanta Open_2016
Karlovic I.,ATP250,Abierto Mexicano Mifel,2016,24,Hard,0,Abierto Mexicano Mifel_2016
Cilic M.,Masters 1000,Western & Southern Financial Group Masters,2016,14,Hard,0,Western & Southern Financial Group Masters_2016
Carreno Busta P.,ATP250,Winston-Salem Open at Wake Forest University,2016,49,Hard,0,Winston-Salem Open at Wake Forest University_2016
Wawrinka S.,Grand Slam,US Open,2016,3,Hard,0,US Open_2016
Pouille L.,ATP250,Open de Moselle,2016,18,Hard,0,Open de Moselle_2016
Zverev A.,ATP250,St. Petersburg Open,2016,27,Hard,0,St. Petersburg Open_2016
Kafelnikov Y.,Grand Slam,Australian Open,2000,0,Hard,2,Australian Open_2000
Norman M.,Grand Slam,French Open,2000,0,Clay,3,French Open_2000
Rafter P.,Grand Slam,Wimbledon,2000,0,Grass,21,Wimbledon_2000
Sampras P.,Grand Slam,US Open,2000,0,Hard,4,US Open_2000
Clement A.,Grand Slam,Australian Open,2001,0,Hard,18,Australian Open_2001
Corretja A.,Grand Slam,French Open,2001,0,Clay,13,French Open_2001
Rafter P.,Grand Slam,Wimbledon,2001,0,Grass,10,Wimbledon_2001
Sampras P.,Grand Slam,US Open,2001,0,Hard,10,US Open_2001
Safin M.,Grand Slam,Australian Open,2002,0,Hard,11,Australian Open_2002
Ferrero J.C.,Grand Slam,French Open,2002,0,Clay,11,French Open_2002
Nalbandian D.,Grand Slam,Wimbledon,2002,0,Grass,32,Wimbledon_2002
Agassi A.,Grand Slam,US Open,2002,0,Hard,6,US Open_2002
Schuettler R.,Grand Slam,Australian Open,2003,0,Hard,36,Australian Open_2003
Verkerk M.,Grand Slam,French Open,2003,0,Clay,46,French Open_2003
Philippoussis M.,Grand Slam,Wimbledon,2003,0,Grass,48,Wimbledon_2003
Ferrero J.C.,Grand Slam,US Open,2003,0,Hard,3,US Open_2003
Safin M.,Grand Slam,Australian Open,2004,0,Hard,86,Australian Open_2004
Coria G.,Grand Slam,French Open,2004,0,Clay,3,French Open_2004
Roddick A.,Grand Slam,Wimbledon,2004,0,Grass,2,Wimbledon_2004
Hewitt L.,Grand Slam,US Open,2004,0,Hard,5,US Open_2004
Hewitt L.,Grand Slam,Australian Open,2005,0,Hard,3,Australian Open_2005
Puerta M.,Grand Slam,French Open,2005,0,Clay,37,French Open_2005
Roddick A.,Grand Slam,Wimbledon,2005,0,Grass,4,Wimbledon_2005
Agassi A.,Grand Slam,US Open,2005,0,Hard,7,US Open_2005
Baghdatis M.,Grand Slam,Australian Open,2006,0,Hard,54,Australian Open_2006
Federer R.,Grand Slam,French Open,2006,0,Clay,1,French Open_2006
Nadal R.,Grand Slam,Wimbledon,2006,0,Grass,2,Wimbledon_2006
Roddick A.,Grand Slam,US Open,2006,0,Hard,10,US Open_2006
Gonzalez F.,Grand Slam,Australian Open,2007,0,Hard,9,Australian Open_2007
Federer R.,Grand Slam,French Open,2007,0,Clay,1,French Open_2007
Nadal R.,Grand Slam,Wimbledon,2007,0,Grass,2,Wimbledon_2007
Djokovic N.,Grand Slam,US Open,2007,0,Hard,3,US Open_2007
Tsonga J.W.,Grand Slam,Australian Open,2008,0,Hard,38,Australian Open_2008
Federer R.,Grand Slam,French Open,2008,0,Clay,1,French Open_2008
Federer R.,Grand Slam,Wimbledon,2008,0,Grass,1,Wimbledon_2008
Murray A.,Grand Slam,US Open,2008,0,Hard,6,US Open_2008
Querrey S.,ATP250,Heineken Open,2009,0,Hard,36,Heineken Open_2009
Nieminen J.,ATP250,Medibank International,2009,0,Hard,40,Medibank International_2009
Federer R.,Grand Slam,Australian Open,2009,0,Hard,2,Australian Open_2009
Chardy J.,ATP250,SA Tennis Open,2009,0,Hard,61,SA Tennis Open_2009
Acasuso J.,ATP250,Movistar Open,2009,0,Clay,46,Movistar Open_2009
Ancic M.,ATP250,PBZ Zagreb Indoors,2009,0,Hard,29,PBZ Zagreb Indoors_2009
Bellucci T.,ATP250,Brasil Open,2009,0,Clay,84,Brasil Open_2009
Nadal R.,ATP500,ABN AMRO World Tennis Tournament,2009,0,Hard,1,ABN AMRO World Tennis Tournament_2009
Fish M.,ATP250,SAP Open,2009,0,Hard,24,SAP Open_2009
Monaco J.,ATP250,Copa Telmex,2009,0,Clay,67,Copa Telmex_2009
Llodra M.,ATP250,Open 13,2009,0,Hard,50,Open 13_2009
Stepanek R.,ATP250,Regions Morgan Keegan Championships,2009,0,Hard,19,Regions Morgan Keegan Championships_2009
Monfils G.,ATP500,Abierto Mexicano,2009,0,Clay,10,Abierto Mexicano_2009
Korolev E.,ATP250,International Championships,2009,0,Hard,105,International Championships_2009
Ferrer D.,ATP500,Dubai Tennis Championships,2009,0,Hard,14,Dubai Tennis Championships_2009
Murray A.,Masters 1000,BNP Paribas Open,2009,0,Hard,4,BNP Paribas Open_2009
Djokovic N.,Masters 1000,Sony Ericsson Open,2009,0,Hard,3,Sony Ericsson Open_2009
Serra F.,ATP250,Grand Prix Hassan II,2009,0,Clay,47,Grand Prix Hassan II_2009
Odesnik W.,ATP250,U.S. Men's Clay Court Championships,2009,0,Clay,100,U.S. Men's Clay Court Championships_2009
Djokovic N.,Masters 1000,Monte Carlo Masters,2009,0,Clay,3,Monte Carlo Masters_2009
Ferrer D.,ATP500,Open Banco Sabadell ,2009,0,Clay,13,Open Banco Sabadell _2009
Djokovic N.,Masters 1000,Internazionali BNL d'Italia,2009,0,Clay,3,Internazionali BNL d'Italia_2009
Kubot L.,ATP250,Serbia Open,2009,0,Clay,179,Serbia Open_2009
Blake J.,ATP250,Estoril Open,2009,0,Clay,16,Estoril Open_2009
Youzhny M.,ATP250,BMW Open,2009,0,Clay,64,BMW Open_2009
Nadal R.,Masters 1000,Mutua Madrileña Madrid Open,2009,0,Clay,1,Mutua Madrileña Madrid Open_2009
Benneteau J.,ATP250,Austrian Open,2009,0,Clay,45,Austrian Open_2009
Soderling R.,Grand Slam,French Open,2009,0,Clay,25,French Open_2009
Djokovic N.,ATP250,Gerry Weber Open,2009,0,Grass,4,Gerry Weber Open_2009
Blake J.,ATP250,AEGON Championships,2009,0,Grass,16,AEGON Championships_2009
Dancevic F.,ATP250,AEGON International,2009,0,Grass,126,AEGON International_2009
Sluiter R.,ATP250,Ordina Open,2009,0,Grass,866,Ordina Open_2009
Roddick A.,Grand Slam,Wimbledon,2009,0,Grass,6,Wimbledon_2009
Ram R.,ATP250,Hall of Fame Championships,2009,0,Grass,181,Hall of Fame Championships_2009
Monaco J.,ATP250,Catella Swedish Open,2009,0,Clay,61,Catella Swedish Open_2009
Hanescu V.,ATP250,Mercedes Cup,2009,0,Clay,33,Mercedes Cup_2009
Mathieu P.H.,ATP500,International German Open,2009,0,Clay,39,International German Open_2009
Querrey S.,ATP250,Indianapolis Tennis Championships,2009,0,Hard,37,Indianapolis Tennis Championships_2009
Beck A.,ATP250,Allianz Suisse Open,2009,0,Clay,51,Allianz Suisse Open_2009
Ball C.,ATP250,LA Tennis Open,2009,0,Hard,205,LA Tennis Open_2009
Ferrero J.C.,ATP250,Studena Croatia Open,2009,0,Clay,36,Studena Croatia Open_2009
Roddick A.,ATP500,Legg Mason Classic,2009,0,Hard,5,Legg Mason Classic_2009
Del Potro J.M.,Masters 1000,Rogers Masters,2009,0,Hard,6,Rogers Masters_2009
Djokovic N.,Masters 1000,Western & Southern Financial Group Masters,2009,0,Hard,4,Western & Southern Financial Group Masters_2009
Querrey S.,ATP250,Pilot Pen Tennis,2009,0,Hard,23,Pilot Pen Tennis_2009
Federer R.,Grand Slam,US Open,2009,0,Hard,1,US Open_2009
Monaco J.,ATP250,Open Romania,2009,0,Clay,37,Open Romania_2009
Kohlschreiber P.,ATP250,Open de Moselle,2009,0,Hard,23,Open de Moselle_2009
Troicki V.,ATP250,Thailand Open,2009,0,Hard,32,Thailand Open_2009
Verdasco F.,ATP250,Proton Malaysian Open,2009,0,Hard,9,Proton Malaysian Open_2009
Cilic M.,ATP500,China Open,2009,0,Hard,15,China Open_2009
Youzhny M.,ATP500,Rakuten Japan Open Tennis Championships,2009,0,Hard,49,Rakuten Japan Open Tennis Championships_2009
Nadal R.,Masters 1000,Shanghai Masters,2009,0,Hard,2,Shanghai Masters_2009
Tipsarevic J.,ATP250,Kremlin Cup,2009,0,Hard,46,Kremlin Cup_2009
Rochus O.,ATP250,Stockholm Open,2009,0,Hard,87,Stockholm Open_2009
Llodra M.,ATP250,Grand Prix de Lyon,2009,0,Hard,107,Grand Prix de Lyon_2009
Zeballos H.,ATP250,St. Petersburg Open,2009,0,Hard,54,St. Petersburg Open_2009
Cilic M.,ATP250,BA-CA Tennis Trophy,2009,0,Hard,13,BA-CA Tennis Trophy_2009
Federer R. ,ATP500,Davidoff Swiss Indoors,2009,0,Hard,1,Davidoff Swiss Indoors_2009
Youzhny M. ,ATP500,Valencia Open 530,2009,0,Hard,23,Valencia Open 530_2009
Monfils G.,Masters 1000,BNP Paribas Masters,2009,0,Hard,16,BNP Paribas Masters_2009
Stepanek R.,ATP250,Brisbane International,2010,0,Hard,12,Brisbane International_2010
Wawrinka S.,ATP250,Chennai Open,2010,0,Hard,21,Chennai Open_2010
Nadal R.,ATP250,Qatar Exxon Mobil Open,2010,0,Hard,2,Qatar Exxon Mobil Open_2010
Clement A.,ATP250,Heineken Open,2010,0,Hard,67,Heineken Open_2010
Gasquet R.,ATP250,Medibank International,2010,0,Hard,53,Medibank International_2010
Murray A.,Grand Slam,Australian Open,2010,0,Hard,4,Australian Open_2010
Robert S.,ATP250,SA Tennis Open,2010,0,Hard,100,SA Tennis Open_2010
Monaco J.,ATP250,Movistar Open,2010,0,Clay,29,Movistar Open_2010
Berrer M.,ATP250,PBZ Zagreb Indoors,2010,0,Hard,65,PBZ Zagreb Indoors_2010
Kubot L.,ATP250,Brasil Open,2010,0,Clay,56,Brasil Open_2010
Youzhny M.,ATP500,ABN AMRO World Tennis Tournament,2010,0,Hard,20,ABN AMRO World Tennis Tournament_2010
Roddick A.,ATP250,SAP Open,2010,0,Hard,7,SAP Open_2010
Ferrer D.,ATP250,Copa Telmex,2010,0,Clay,19,Copa Telmex_2010
Benneteau J.,ATP250,Open 13,2010,0,Hard,39,Open 13_2010
Isner J.,ATP500,Regions Morgan Keegan Championships,2010,0,Hard,25,Regions Morgan Keegan Championships_2010
Ferrero J.C.,ATP500,Abierto Mexicano,2010,0,Clay,16,Abierto Mexicano_2010
Karlovic I.,ATP250,International Championships,2010,0,Hard,33,International Championships_2010
Youzhny M.,ATP500,Dubai Tennis Championships,2010,0,Hard,15,Dubai Tennis Championships_2010
Roddick A.,Masters 1000,BNP Paribas Open,2010,0,Hard,8,BNP Paribas Open_2010
Berdych T.,Masters 1000,Sony Ericsson Open,2010,0,Hard,20,Sony Ericsson Open_2010
Hanescu V.,ATP250,Grand Prix Hassan II,2010,0,Clay,43,Grand Prix Hassan II_2010
Querrey S.,ATP250,U.S. Men's Clay Court Championships,2010,0,Clay,25,U.S. Men's Clay Court Championships_2010
Verdasco F.,Masters 1000,Monte Carlo Masters,2010,0,Clay,12,Monte Carlo Masters_2010
Soderling R.,ATP500,Open Banco Sabadell ,2010,0,Clay,8,Open Banco Sabadell _2010
Ferrer D.,Masters 1000,Internazionali BNL d'Italia,2010,0,Clay,17,Internazionali BNL d'Italia_2010
Isner J.,ATP250,Serbia Open,2010,0,Clay,21,Serbia Open_2010
Gil F.,ATP250,Estoril Open,2010,0,Clay,133,Estoril Open_2010
Cilic M.,ATP250,BMW Open,2010,0,Clay,11,BMW Open_2010
Federer R.,Masters 1000,Mutua Madrileña Madrid Open,2010,0,Clay,1,Mutua Madrileña Madrid Open_2010
Verdasco F.,ATP250,Open de Nice Côte dAzur,2010,0,Clay,9,Open de Nice Côte dAzur_2010
Soderling R.,Grand Slam,French Open,2010,0,Clay,7,French Open_2010
Federer R.,ATP250,Gerry Weber Open,2010,0,Grass,1350,Gerry Weber Open_2010
Fish M.,ATP250,AEGON Championships,2010,0,Grass,90,AEGON Championships_2010
Garcia-Lopez G.,ATP250,AEGON International,2010,0,Grass,41,AEGON International_2010
Tipsarevic J.,ATP250,Unicef Open,2010,0,Grass,51,Unicef Open_2010
Berdych T.,Grand Slam,Wimbledon,2010,0,Grass,13,Wimbledon_2010
Rochus O.,ATP250,Hall of Fame Championships,2010,0,Grass,65,Hall of Fame Championships_2010
Soderling R.,ATP250,SkiStar Swedish Open,2010,0,Clay,5,SkiStar Swedish Open_2010
Monfils G.,ATP250,Mercedes Cup,2010,0,Clay,17,Mercedes Cup_2010
Isner J.,ATP250,Atlanta Tennis Championships,2010,0,Hard,19,Atlanta Tennis Championships_2010
Melzer J.,ATP500,German Open Tennis Championships ,2010,0,Clay,15,German Open Tennis Championships _2010
Gasquet R.,ATP250,Allianz Suisse Open,2010,0,Clay,47,Allianz Suisse Open_2010
Murray A.,ATP250,Farmers Classic,2010,0,Hard,4,Farmers Classic_2010
Starace P.,ATP250,Studena Croatia Open,2010,0,Clay,64,Studena Croatia Open_2010
Baghdatis M.,ATP500,Legg Mason Classic,2010,0,Hard,25,Legg Mason Classic_2010
Fish M.,Masters 1000,Western & Southern Financial Group Masters,2010,0,Hard,36,Western & Southern Financial Group Masters_2010
Istomin D.,ATP250,Pilot Pen Tennis,2010,0,Hard,46,Pilot Pen Tennis_2010
Djokovic N.,Grand Slam,US Open,2010,0,Hard,3,US Open_2010
Andujar P.,ATP250,Open Romania,2010,0,Clay,104,Open Romania_2010
Zverev M.,ATP250,Open de Moselle,2010,0,Hard,155,Open de Moselle_2010
Nieminen J.,ATP250,Thailand Open,2010,0,Hard,60,Thailand Open_2010
Golubev A.,ATP250,Proton Malaysian Open,2010,0,Hard,41,Proton Malaysian Open_2010
Ferrer D.,ATP500,China Open,2010,0,Hard,11,China Open_2010
Monfils G.,ATP500,Rakuten Japan Open Tennis Championships,2010,0,Hard,15,Rakuten Japan Open Tennis Championships_2010
Federer R.,Masters 1000,Shanghai Masters,2010,0,Hard,3,Shanghai Masters_2010
Baghdatis M.,ATP250,Kremlin Cup,2010,0,Hard,19,Kremlin Cup_2010
Mayer F.,ATP250,Stockholm Open,2010,0,Hard,47,Stockholm Open_2010
Ljubicic I.,ATP250,Open Sud de France,2010,0,Hard,17,Open Sud de France_2010
Youzhny M.,ATP250,St. Petersburg Open,2010,0,Hard,10,St. Petersburg Open_2010
Haider-Maurer A.,ATP250,BA-CA Tennis Trophy,2010,0,Hard,157,BA-CA Tennis Trophy_2010
Djokovic N.,ATP500,Swiss Indoors,2010,0,Hard,3,Swiss Indoors_2010
Granollers M.,ATP500,Valencia Open 530,2010,0,Hard,67,Valencia Open 530_2010
Monfils G.,Masters 1000,BNP Paribas Masters,2010,0,Hard,14,BNP Paribas Masters_2010
Roddick A.,ATP250,Brisbane International,2011,0,Hard,8,Brisbane International_2011
Malisse X.,ATP250,Chennai Open,2011,0,Hard,60,Chennai Open_2011
Davydenko N.,ATP250,Qatar Exxon Mobil Open,2011,0,Hard,22,Qatar Exxon Mobil Open_2011
Nalbandian D.,ATP250,Heineken Open,2011,0,Hard,27,Heineken Open_2011
Troicki V.,ATP250,Medibank International,2011,0,Hard,30,Medibank International_2011
Murray A.,Grand Slam,Australian Open,2011,0,Hard,5,Australian Open_2011
Devvarman S.,ATP250,SA Tennis Open,2011,0,Hard,110,SA Tennis Open_2011
Giraldo S.,ATP250,Movistar Open,2011,0,Clay,57,Movistar Open_2011
Berrer M.,ATP250,PBZ Zagreb Indoors,2011,0,Hard,66,PBZ Zagreb Indoors_2011
Dolgopolov O.,ATP250,Brasil Open,2011,0,Clay,32,Brasil Open_2011
Tsonga J.W.,ATP500,ABN AMRO World Tennis Tournament,2011,0,Hard,18,ABN AMRO World Tennis Tournament_2011
Verdasco F.,ATP250,SAP Open,2011,0,Hard,9,SAP Open_2011
Chela J.I.,ATP250,Copa Claro,2011,0,Clay,35,Copa Claro_2011
Cilic M.,ATP250,Open 13,2011,0,Hard,28,Open 13_2011
Raonic M.,ATP500,Regions Morgan Keegan Championships,2011,0,Hard,59,Regions Morgan Keegan Championships_2011
Almagro N.,ATP500,Abierto Mexicano,2011,0,Clay,13,Abierto Mexicano_2011
Tipsarevic J.,ATP250,International Championships,2011,0,Hard,52,International Championships_2011
Federer R.,ATP500,Dubai Tennis Championships,2011,0,Hard,2,Dubai Tennis Championships_2011
Nadal R.,Masters 1000,BNP Paribas Open,2011,0,Hard,1,BNP Paribas Open_2011
Nadal R.,Masters 1000,Sony Ericsson Open,2011,0,Hard,1,Sony Ericsson Open_2011
Starace P.,ATP250,Grand Prix Hassan II,2011,0,Clay,47,Grand Prix Hassan II_2011
Nishikori K.,ATP250,U.S. Men's Clay Court Championships,2011,0,Clay,93,U.S. Men's Clay Court Championships_2011
Ferrer D.,Masters 1000,Monte Carlo Masters,2011,0,Clay,6,Monte Carlo Masters_2011
Ferrer D.,ATP500,Open Banco Sabadell ,2011,0,Clay,6,Open Banco Sabadell _2011
Lopez F.,ATP250,Serbia Open,2011,0,Clay,37,Serbia Open_2011
Verdasco F.,ATP250,Estoril Open,2011,0,Clay,15,Estoril Open_2011
Mayer F.,ATP250,BMW Open,2011,0,Clay,35,BMW Open_2011
Nadal R.,Masters 1000,Mutua Madrileña Madrid Open,2011,0,Clay,1,Mutua Madrileña Madrid Open_2011
Nadal R.,Masters 1000,Internazionali BNL d'Italia,2011,0,Clay,1,Internazionali BNL d'Italia_2011
Hanescu V.,ATP250,Open de Nice Côte dAzur,2011,0,Clay,69,Open de Nice Côte dAzur_2011
Federer R.,Grand Slam,French Open,2011,0,Clay,3,French Open_2011
Petzschner P.,ATP250,Gerry Weber Open,2011,0,Grass,71,Gerry Weber Open_2011
Tsonga J.W.,ATP250,AEGON Championships,2011,0,Grass,19,AEGON Championships_2011
Tipsarevic J.,ATP250,AEGON International,2011,0,Grass,30,AEGON International_2011
Dodig I.,ATP250,Unicef Open,2011,0,Grass,42,Unicef Open_2011
Nadal R.,Grand Slam,Wimbledon,2011,0,Grass,1,Wimbledon_2011
Rochus O.,ATP250,Hall of Fame Championships,2011,0,Grass,74,Hall of Fame Championships_2011
Ferrer D.,ATP250,SkiStar Swedish Open,2011,0,Clay,6,SkiStar Swedish Open_2011
Andujar P.,ATP250,Mercedes Cup,2011,0,Clay,55,Mercedes Cup_2011
Isner J.,ATP250,Atlanta Tennis Championships,2011,0,Hard,35,Atlanta Tennis Championships_2011
Almagro N.,ATP500,German Open Tennis Championships ,2011,0,Clay,14,German Open Tennis Championships _2011
Verdasco F.,ATP250,Allianz Suisse Open,2011,0,Clay,20,Allianz Suisse Open_2011
Fish M.,ATP250,Farmers Classic,2011,0,Hard,9,Farmers Classic_2011
Cilic M.,ATP250,Studena Croatia Open,2011,0,Clay,31,Studena Croatia Open_2011
Montanes A.,ATP250,Bet-At-Home Cup,2011,0,Clay,50,Bet-At-Home Cup_2011
Monfils G.,ATP500,Legg Mason Classic,2011,0,Hard,7,Legg Mason Classic_2011
Fish M.,Masters 1000,Rogers Masters,2011,0,Hard,8,Rogers Masters_2011
Djokovic N.,Masters 1000,Western & Southern Financial Group Masters,2011,0,Hard,1,Western & Southern Financial Group Masters_2011
Benneteau J.,ATP250,Winston-Salem Open at Wake Forest University,2011,0,Hard,113,Winston-Salem Open at Wake Forest University_2011
Nadal R.,Grand Slam,US Open,2011,0,Hard,2,US Open_2011
Andujar P.,ATP250,Open Romania,2011,0,Clay,43,Open Romania_2011
Ljubicic I.,ATP250,Open de Moselle,2011,0,Hard,29,Open de Moselle_2011
Young D.,ATP250,Thailand Open,2011,0,Hard,55,Thailand Open_2011
Baghdatis M.,ATP250,Malaysian Open,2011,0,Hard,60,Malaysian Open_2011
Cilic M.,ATP500,China Open,2011,0,Hard,25,China Open_2011
Nadal R.,ATP500,Rakuten Japan Open Tennis Championships,2011,0,Hard,2,Rakuten Japan Open Tennis Championships_2011
Ferrer D.,Masters 1000,Shanghai Masters,2011,0,Hard,5,Shanghai Masters_2011
Troicki V.,ATP250,Kremlin Cup,2011,0,Hard,16,Kremlin Cup_2011
Nieminen J.,ATP250,Stockholm Open,2011,0,Hard,73,Stockholm Open_2011
Tipsarevic J.,ATP250,St. Petersburg Open,2011,0,Hard,13,St. Petersburg Open_2011
Del Potro J.M.,ATP250,Erste Bank Open,2011,0,Hard,15,Erste Bank Open_2011
Nishikori K.,ATP500,Swiss Indoors,2011,0,Hard,32,Swiss Indoors_2011
Monaco J.,ATP500,Valencia Open 500,2011,0,Hard,41,Valencia Open 500_2011
Tsonga J.W.,Masters 1000,BNP Paribas Masters,2011,0,Hard,8,BNP Paribas Masters_2011
Dolgopolov O.,ATP250,Brisbane International,2012,0,Hard,7380,Brisbane International_2012
Tipsarevic J.,ATP250,Chennai Open,2012,0,Hard,9,Chennai Open_2012
Monfils G.,ATP250,Qatar Exxon Mobil Open,2012,0,Hard,16,Qatar Exxon Mobil Open_2012
Rochus O.,ATP250,Heineken Open,2012,0,Hard,68,Heineken Open_2012
Benneteau J.,ATP250,Apia International,2012,0,Hard,49,Apia International_2012
Nadal R.,Grand Slam,Australian Open,2012,0,Hard,2,Australian Open_2012
Monfils G.,ATP250,Open Sud de France,2012,0,Hard,13,Open Sud de France_2012
Berlocq C.,ATP250,VTR Open ,2012,0,Clay,55,VTR Open _2012
Lacko L.,ATP250,PBZ Zagreb Indoors,2012,0,Hard,97,PBZ Zagreb Indoors_2012
Del Potro J.M.,ATP500,ABN AMRO World Tennis Tournament,2012,0,Hard,10,ABN AMRO World Tennis Tournament_2012
Istomin D.,ATP250,SAP Open,2012,0,Hard,61,SAP Open_2012
Volandri F.,ATP250,Brasil Open,2012,0,Clay,69,Brasil Open_2012
Almagro N.,ATP250,Copa Claro,2012,0,Clay,11,Copa Claro_2012
Llodra M.,ATP250,Open 13,2012,0,Hard,50,Open 13_2012
Raonic M.,ATP500,Regions Morgan Keegan Championships,2012,0,Hard,35,Regions Morgan Keegan Championships_2012
Verdasco F.,ATP500,Abierto Mexicano,2012,0,Clay,27,Abierto Mexicano_2012
Matosevic M.,ATP250,International Championships,2012,0,Hard,173,International Championships_2012
Murray A.,ATP500,Dubai Tennis Championships,2012,0,Hard,4,Dubai Tennis Championships_2012
Isner J.,Masters 1000,BNP Paribas Open,2012,0,Hard,11,BNP Paribas Open_2012
Murray A.,Masters 1000,Sony Ericsson Open,2012,0,Hard,4,Sony Ericsson Open_2012
Ramos A.,ATP250,Grand Prix Hassan II,2012,0,Clay,52,Grand Prix Hassan II_2012
Isner J.,ATP250,U.S. Men's Clay Court Championships,2012,0,Clay,10,U.S. Men's Clay Court Championships_2012
Djokovic N.,Masters 1000,Monte Carlo Masters,2012,0,Clay,1,Monte Carlo Masters_2012
Ferrer D.,ATP500,Open Banco Sabadell ,2012,0,Clay,6,Open Banco Sabadell _2012
Fognini F.,ATP250,BRD Nastase Tiriac Trophy,2012,0,Clay,57,BRD Nastase Tiriac Trophy_2012
Paire B.,ATP250,Serbia Open,2012,0,Clay,96,Serbia Open_2012
Gasquet R.,ATP250,Estoril Open,2012,0,Clay,18,Estoril Open_2012
Cilic M.,ATP250,BMW Open,2012,0,Clay,24,BMW Open_2012
Berdych T.,Masters 1000,Mutua Madrid Open,2012,0,Clay,7,Mutua Madrid Open_2012
Djokovic N.,Masters 1000,Internazionali BNL d'Italia,2012,0,Clay,1,Internazionali BNL d'Italia_2012
Baker B.,ATP250,Open de Nice Côte dAzur,2012,0,Clay,387,Open de Nice Côte dAzur_2012
Djokovic N.,Grand Slam,French Open,2012,0,Clay,1,French Open_2012
Federer R.,ATP250,Gerry Weber Open,2012,0,Grass,3,Gerry Weber Open_2012
Nalbandian D.,ATP250,AEGON Championships,2012,0,Grass,39,AEGON Championships_2012
Seppi A.,ATP250,AEGON International,2012,0,Grass,26,AEGON International_2012
Petzschner P.,ATP250,Unicef Open,2012,0,Grass,145,Unicef Open_2012
Murray A.,Grand Slam,Wimbledon,2012,0,Grass,4,Wimbledon_2012
Almagro N.,ATP250,SkiStar Swedish Open,2012,0,Clay,10,SkiStar Swedish Open_2012
Hewitt L.,ATP250,Hall of Fame Championships,2012,0,Grass,233,Hall of Fame Championships_2012
Monaco J.,ATP250,Mercedes Cup,2012,0,Clay,14,Mercedes Cup_2012
Granollers M.,ATP250,ATP Vegeta Croatia Open,2012,0,Clay,24,ATP Vegeta Croatia Open_2012
Muller G.,ATP250,BB&T Atlanta Open,2012,0,Hard,63,BB&T Atlanta Open_2012
Tipsarevic J.,ATP250,Crédit Agricole Suisse Open Gstaad,2012,0,Clay,8,Crédit Agricole Suisse Open Gstaad_2012
Haas T.,ATP500,German Open Tennis Championships ,2012,0,Clay,49,German Open Tennis Championships _2012
Kohlschreiber P.,ATP250,Bet-At-Home Cup,2012,0,Clay,23,Bet-At-Home Cup_2012
Berankis R.,ATP250,Farmers Classic,2012,0,Hard,141,Farmers Classic_2012
Haas T.,ATP500,Citi Open,2012,0,Hard,36,Citi Open_2012
Djokovic N.,Masters 1000,Western & Southern Financial Group Masters,2012,0,Hard,2,Western & Southern Financial Group Masters_2012
Berdych T.,ATP250,Winston-Salem Open at Wake Forest University,2012,0,Hard,7,Winston-Salem Open at Wake Forest University_2012
Djokovic N.,Grand Slam,US Open,2012,0,Hard,2,US Open_2012
Seppi A.,ATP250,Open de Moselle,2012,0,Hard,28,Open de Moselle_2012
Fognini F.,ATP250,St. Petersburg Open,2012,0,Hard,53,St. Petersburg Open_2012
Simon G.,ATP250,Thailand Open,2012,0,Hard,19,Thailand Open_2012
Benneteau J.,ATP250,Malaysian Open,2012,0,Hard,34,Malaysian Open_2012
Tsonga J.W.,ATP500,China Open,2012,0,Hard,7,China Open_2012
Raonic M.,ATP500,Rakuten Japan Open Tennis Championships,2012,0,Hard,15,Rakuten Japan Open Tennis Championships_2012
Murray A.,Masters 1000,Shanghai Masters,2012,0,Hard,3,Shanghai Masters_2012
Bellucci T.,ATP250,Kremlin Cup,2012,0,Hard,41,Kremlin Cup_2012
Tsonga J.W.,ATP250,Stockholm Open,2012,0,Hard,7,Stockholm Open_2012
Zemlja G.,ATP250,Erste Bank Open,2012,0,Hard,70,Erste Bank Open_2012
Federer R.,ATP500,Swiss Indoors,2012,0,Hard,1,Swiss Indoors_2012
Dolgopolov O.,ATP500,Valencia Open 500,2012,0,Hard,21,Valencia Open 500_2012
Janowicz J.,Masters 1000,BNP Paribas Masters,2012,0,Hard,69,BNP Paribas Masters_2012
Dimitrov G.,ATP250,Brisbane International,2013,0,Hard,48,Brisbane International_2013
Bautista R.,ATP250,Chennai Open,2013,0,Hard,80,Chennai Open_2013
Davydenko N.,ATP250,Qatar Exxon Mobil Open,2013,0,Hard,44,Qatar Exxon Mobil Open_2013
Kohlschreiber P.,ATP250,Heineken Open,2013,0,Hard,19,Heineken Open_2013
Anderson K.,ATP250,Apia International,2013,0,Hard,36,Apia International_2013
Murray A.,Grand Slam,Australian Open,2013,0,Hard,3,Australian Open_2013
Paire B.,ATP250,Open Sud de France,2013,0,Hard,43,Open Sud de France_2013
Nadal R.,ATP250,VTR Open ,2013,0,Clay,5,VTR Open _2013
Melzer J.,ATP250,PBZ Zagreb Indoors,2013,0,Hard,29,PBZ Zagreb Indoors_2013
Benneteau J.,ATP500,ABN AMRO World Tennis Tournament,2013,0,Hard,39,ABN AMRO World Tennis Tournament_2013
Haas T.,ATP250,SAP Open,2013,0,Hard,22,SAP Open_2013
Nalbandian D.,ATP250,Brasil Open,2013,0,Clay,93,Brasil Open_2013
Wawrinka S.,ATP250,Copa Claro,2013,0,Clay,17,Copa Claro_2013
Berdych T.,ATP250,Open 13,2013,0,Hard,6,Open 13_2013
Lopez F.,ATP500,U.S. National Indoor Tennis Championships,2013,0,Hard,47,U.S. National Indoor Tennis Championships_2013
Ferrer D.,ATP500,Abierto Mexicano,2013,0,Clay,4,Abierto Mexicano_2013
Roger-Vasselin E.,ATP250,International Championships,2013,0,Hard,105,International Championships_2013
Berdych T.,ATP500,Dubai Tennis Championships,2013,0,Hard,6,Dubai Tennis Championships_2013
Del Potro J.M.,Masters 1000,BNP Paribas Open,2013,0,Hard,7,BNP Paribas Open_2013
Ferrer D.,Masters 1000,Sony Ericsson Open,2013,0,Hard,5,Sony Ericsson Open_2013
Anderson K.,ATP250,Grand Prix Hassan II,2013,0,Clay,680,Grand Prix Hassan II_2013
Almagro N.,ATP250,U.S. Men's Clay Court Championships,2013,0,Clay,12,U.S. Men's Clay Court Championships_2013
Nadal R.,Masters 1000,Monte Carlo Masters,2013,0,Clay,5,Monte Carlo Masters_2013
Almagro N.,ATP500,Open Banco Sabadell ,2013,0,Clay,12,Open Banco Sabadell _2013
Garcia-Lopez G.,ATP250,BRD Nastase Tiriac Trophy,2013,0,Clay,87,BRD Nastase Tiriac Trophy_2013
Kohlschreiber P.,ATP250,BMW Open,2013,0,Clay,21,BMW Open_2013
Ferrer D.,ATP250,Portugal Open,2013,0,Clay,4,Portugal Open_2013
Wawrinka S.,Masters 1000,Mutua Madrid Open,2013,0,Clay,15,Mutua Madrid Open_2013
Federer R.,Masters 1000,Internazionali BNL d'Italia,2013,0,Clay,3,Internazionali BNL d'Italia_2013
Nieminen J.,ATP250,Power Horse Cup,2013,0,Clay,42,Power Horse Cup_2013
Monfils G.,ATP250,Open de Nice Côte dAzur,2013,0,Clay,109,Open de Nice Côte dAzur_2013
Ferrer D.,Grand Slam,French Open,2013,0,Clay,5,French Open_2013
Youzhny M.,ATP250,Gerry Weber Open,2013,0,Grass,29,Gerry Weber Open_2013
Cilic M.,ATP250,AEGON Championships,2013,0,Grass,12,AEGON Championships_2013
Simon G.,ATP250,AEGON International,2013,0,Grass,17,AEGON International_2013
Wawrinka S.,ATP250,Topshelf Open,2013,0,Grass,10,Topshelf Open_2013
Djokovic N.,Grand Slam,Wimbledon,2013,0,Grass,1,Wimbledon_2013
Verdasco F.,ATP250,SkiStar Swedish Open,2013,0,Clay,35,SkiStar Swedish Open_2013
Hewitt L.,ATP250,Hall of Fame Championships,2013,0,Grass,64,Hall of Fame Championships_2013
Kohlschreiber P.,ATP250,Mercedes Cup,2013,0,Clay,25,Mercedes Cup_2013
Falla A.,ATP250,Claro Open Colombia,2013,0,Clay,122,Claro Open Colombia_2013
Delbonis F.,ATP500,German Open Tennis Championships ,2013,0,Clay,114,German Open Tennis Championships _2013
Anderson K.,ATP250,BB&T Atlanta Open,2013,0,Hard,21,BB&T Atlanta Open_2013
Haase R.,ATP250,Crédit Agricole Suisse Open Gstaad,2013,0,Clay,57,Crédit Agricole Suisse Open Gstaad_2013
Fognini F.,ATP250,ATP Vegeta Croatia Open,2013,0,Clay,19,ATP Vegeta Croatia Open_2013
Monaco J.,ATP250,Bet-At-Home Cup,2013,0,Clay,31,Bet-At-Home Cup_2013
Isner J.,ATP500,Citi Open,2013,0,Hard,20,Citi Open_2013
Raonic M.,Masters 1000,Rogers Masters,2013,0,Hard,13,Rogers Masters_2013
Isner J.,Masters 1000,Western & Southern Financial Group Masters,2013,0,Hard,22,Western & Southern Financial Group Masters_2013
Monfils G.,ATP250,Winston-Salem Open at Wake Forest University,2013,0,Hard,43,Winston-Salem Open at Wake Forest University_2013
Djokovic N.,Grand Slam,US Open,2013,0,Hard,1,US Open_2013
Tsonga J.W.,ATP250,Open de Moselle,2013,0,Hard,8,Open de Moselle_2013
Garcia-Lopez G.,ATP250,St. Petersburg Open,2013,0,Hard,74,St. Petersburg Open_2013
Berdych T.,ATP250,Thailand Open,2013,0,Hard,6,Thailand Open_2013
Benneteau J.,ATP250,Malaysian Open,2013,0,Hard,33,Malaysian Open_2013
Nadal R.,ATP500,China Open,2012,0,Hard,2,China Open_2012
Raonic M.,ATP500,Rakuten Japan Open Tennis Championships,2012,0,Hard,11,Rakuten Japan Open Tennis Championships_2012
Del Potro J.M.,Masters 1000,Shanghai Masters,2013,0,Hard,5,Shanghai Masters_2013
Kukushkin M.,ATP250,Kremlin Cup,2013,0,Hard,102,Kremlin Cup_2013
Ferrer D.,ATP250,Stockholm Open,2013,0,Hard,3,Stockholm Open_2013
Haase R.,ATP250,Erste Bank Open,2013,0,Hard,63,Erste Bank Open_2013
Federer R.,ATP500,Swiss Indoors,2013,0,Hard,6,Swiss Indoors_2013
Ferrer D.,ATP500,Valencia Open 500,2013,0,Hard,3,Valencia Open 500_2013
Ferrer D.,Masters 1000,BNP Paribas Masters,2013,0,Hard,3,BNP Paribas Masters_2013
Federer R.,ATP250,Brisbane International,2014,0,Hard,6,Brisbane International_2014
Roger-Vasselin E.,ATP250,Chennai Open,2014,0,Hard,52,Chennai Open_2014
Monfils G.,ATP250,Qatar Exxon Mobil Open,2014,0,Hard,31,Qatar Exxon Mobil Open_2014
Lu Y.H.,ATP250,Heineken Open,2014,0,Hard,62,Heineken Open_2014
Tomic B.,ATP250,Apia International,2014,0,Hard,52,Apia International_2014
Nadal R.,Grand Slam,Australian Open,2014,0,Hard,1,Australian Open_2014
Gasquet R.,ATP250,Open Sud de France,2014,0,Hard,9,Open Sud de France_2014
Mayer L.,ATP250,Royal Guard Open Chile ,2014,0,Clay,91,Royal Guard Open Chile _2014
Haas T.,ATP250,PBZ Zagreb Indoors,2014,0,Hard,12,PBZ Zagreb Indoors_2014
Fognini F.,ATP250,Copa Claro,2014,0,Clay,14,Copa Claro_2014
Karlovic I.,ATP250,U.S. National Indoor Tennis Championships,2014,0,Hard,80,U.S. National Indoor Tennis Championships_2014
Cilic M.,ATP500,ABN AMRO World Tennis Tournament,2014,0,Hard,37,ABN AMRO World Tennis Tournament_2014
Anderson K.,ATP250,Delray Beach Open,2014,0,Hard,21,Delray Beach Open_2014
Tsonga J.W.,ATP250,Open 13,2014,0,Hard,10,Open 13_2014
Dolgopolov O.,ATP500,Rio Open,2014,0,Clay,54,Rio Open_2014
Anderson K.,ATP500,Abierto Mexicano,2014,0,Hard,21,Abierto Mexicano_2014
Berdych T.,ATP500,Dubai Tennis Championships,2014,0,Hard,6,Dubai Tennis Championships_2014
Bellucci T.,ATP250,Brasil Open,2014,0,Clay,114,Brasil Open_2014
Federer R.,Masters 1000,BNP Paribas Open,2014,0,Hard,8,BNP Paribas Open_2014
Nadal R.,Masters 1000,Sony Ericsson Open,2014,0,Hard,1,Sony Ericsson Open_2014
Granollers M.,ATP250,Grand Prix Hassan II,2014,0,Clay,36,Grand Prix Hassan II_2014
Almagro N.,ATP250,U.S. Men's Clay Court Championships,2014,0,Clay,20,U.S. Men's Clay Court Championships_2014
Federer R.,Masters 1000,Monte Carlo Masters,2014,0,Clay,4,Monte Carlo Masters_2014
Giraldo S.,ATP500,Open Banco Sabadell ,2014,0,Clay,65,Open Banco Sabadell _2014
Rosol L.,ATP250,BRD Nastase Tiriac Trophy,2014,0,Clay,43,BRD Nastase Tiriac Trophy_2014
Fognini F.,ATP250,BMW Open,2014,0,Clay,15,BMW Open_2014
Berdych T.,ATP250,Portugal Open,2014,0,Clay,6,Portugal Open_2014
Nishikori K.,Masters 1000,Mutua Madrid Open,2014,0,Clay,12,Mutua Madrid Open_2014
Nadal R.,Masters 1000,Internazionali BNL d'Italia,2014,0,Clay,1,Internazionali BNL d'Italia_2014
Karlovic I.,ATP250,Dusseldorf Open,2014,0,Clay,49,Dusseldorf Open_2014
Delbonis F.,ATP250,Open de Nice Côte dAzur,2014,0,Clay,45,Open de Nice Côte dAzur_2014
Djokovic N.,Grand Slam,French Open,2014,0,Clay,2,French Open_2014
Falla A.,ATP250,Gerry Weber Open,2014,0,Grass,69,Gerry Weber Open_2014
Lopez F.,ATP250,AEGON Championships,2014,0,Grass,29,AEGON Championships_2014
Gasquet R.,ATP250,AEGON International,2014,0,Grass,14,AEGON International_2014
Becker B.,ATP250,Topshelf Open,2014,0,Grass,83,Topshelf Open_2014
Federer R.,Grand Slam,Wimbledon,2014,0,Grass,4,Wimbledon_2014
Sousa J.,ATP250,SkiStar Swedish Open,2014,0,Clay,40,SkiStar Swedish Open_2014
Karlovic I.,ATP250,Hall of Fame Championships,2014,0,Grass,31,Hall of Fame Championships_2014
Rosol L.,ATP250,Mercedes Cup,2014,0,Clay,48,Mercedes Cup_2014
Karlovic I.,ATP250,Claro Open Colombia,2014,0,Clay,29,Claro Open Colombia_2014
Ferrer D.,ATP500,bet-at-home Open,2014,0,Clay,7,bet-at-home Open_2014
Sela D.,ATP250,BB&T Atlanta Open,2014,0,Hard,94,BB&T Atlanta Open_2014
Monaco J.,ATP250,Crédit Agricole Suisse Open Gstaad,2014,0,Clay,105,Crédit Agricole Suisse Open Gstaad_2014
Robredo T.,ATP250,ATP Vegeta Croatia Open,2014,0,Clay,18,ATP Vegeta Croatia Open_2014
Thiem D.,ATP250,Bet-At-Home Cup,2014,0,Clay,50,Bet-At-Home Cup_2014
Pospisil V.,ATP500,Citi Open,2014,0,Hard,36,Citi Open_2014
Federer R.,Masters 1000,Rogers Masters,2014,0,Hard,3,Rogers Masters_2014
Ferrer D.,Masters 1000,Western & Southern Financial Group Masters,2014,0,Hard,6,Western & Southern Financial Group Masters_2014
Janowicz J.,ATP250,Winston-Salem Open at Wake Forest University,2014,0,Hard,52,Winston-Salem Open at Wake Forest University_2014
Nishikori K.,Grand Slam,US Open,2014,0,Hard,11,US Open_2014
Sousa J.,ATP250,Open de Moselle,2014,0,Hard,39,Open de Moselle_2014
Benneteau J.,ATP250,Malaysian Open,2014,0,Hard,28,Malaysian Open_2014
Robredo T.,ATP250,Shenzhen Open,2014,0,Hard,22,Shenzhen Open_2014
Berdych T.,ATP500,China Open,2014,0,Hard,6,China Open_2014
Raonic M.,ATP500,Rakuten Japan Open Tennis Championships,2014,0,Hard,8,Rakuten Japan Open Tennis Championships_2014
Simon G.,Masters 1000,Shanghai Masters,2014,0,Hard,29,Shanghai Masters_2014
Bautista R.,ATP250,Kremlin Cup,2014,0,Hard,16,Kremlin Cup_2014
Dimitrov G.,ATP250,Stockholm Open,2014,0,Hard,10,Stockholm Open_2014
Ferrer D.,ATP250,Erste Bank Open,2014,0,Hard,5,Erste Bank Open_2014
Goffin D.,ATP500,Swiss Indoors,2014,0,Hard,28,Swiss Indoors_2014
Robredo T.,ATP500,Valencia Open 500,2014,0,Hard,21,Valencia Open 500_2014
Raonic M.,Masters 1000,BNP Paribas Masters,2014,0,Hard,10,BNP Paribas Masters_2014
Raonic M.,ATP250,Brisbane International,2015,0,Hard,8,Brisbane International_2015
Bedene A.,ATP250,Chennai Open,2015,0,Hard,156,Chennai Open_2015
Berdych T.,ATP250,Qatar Exxon Mobil Open,2015,0,Hard,7,Qatar Exxon Mobil Open_2015
Mannarino A.,ATP250,Heineken Open,2015,0,Hard,44,Heineken Open_2015
Kukushkin M.,ATP250,Apia International,2015,0,Hard,69,Apia International_2015
Murray A.,Grand Slam,Australian Open,2015,0,Hard,6,Australian Open_2015
Janowicz J.,ATP250,Open Sud de France,2015,0,Hard,44,Open Sud de France_2015
Lopez F.,ATP250,Ecuador Open,2015,0,Clay,14,Ecuador Open_2015
Seppi A.,ATP250,PBZ Zagreb Indoors,2015,0,Hard,40,PBZ Zagreb Indoors_2015
Anderson K.,ATP250,Memphis Open,2015,0,Hard,15,Memphis Open_2015
Berdych T.,ATP500,ABN AMRO World Tennis Tournament,2015,0,Hard,7,ABN AMRO World Tennis Tournament_2015
Vanni L.,ATP250,Brasil Open,2015,0,Clay,149,Brasil Open_2015
Young D.,ATP250,Delray Beach Open,2015,0,Hard,56,Delray Beach Open_2015
Monfils G.,ATP250,Open 13,2015,0,Hard,21,Open 13_2015
Fognini F.,ATP500,Rio Open,2015,0,Clay,28,Rio Open_2015
Nishikori K.,ATP500,Abierto Mexicano,2015,0,Hard,5,Abierto Mexicano_2015
Monaco J.,ATP250,Argentina Open,2015,0,Clay,60,Argentina Open_2015
Djokovic N.,ATP500,Dubai Tennis Championships,2015,0,Hard,1,Dubai Tennis Championships_2015
Federer R.,Masters 1000,BNP Paribas Open,2015,0,Hard,2,BNP Paribas Open_2015
Murray A.,Masters 1000,Sony Ericsson Open,2015,0,Hard,4,Sony Ericsson Open_2015
Gimeno-Traver D.,ATP250,Grand Prix Hassan II,2015,0,Clay,95,Grand Prix Hassan II_2015
Querrey S.,ATP250,U.S. Men's Clay Court Championships,2015,0,Clay,42,U.S. Men's Clay Court Championships_2015
Berdych T.,Masters 1000,Monte Carlo Masters,2015,0,Clay,8,Monte Carlo Masters_2015
Andujar P.,ATP500,Open Banco Sabadell ,2015,0,Clay,66,Open Banco Sabadell _2015
Vesely J.,ATP250,BRD Nastase Tiriac Trophy,2015,0,Clay,46,BRD Nastase Tiriac Trophy_2015
Kyrgios N.,ATP250,Millenium Estoril Open,2015,0,Clay,46,Millenium Estoril Open_2015
Cuevas P.,ATP250,Istanbul Open,2015,0,Clay,23,Istanbul Open_2015
Kohlschreiber P.,ATP250,BMW Open,2015,0,Clay,26,BMW Open_2015
Nadal R.,Masters 1000,Mutua Madrid Open,2015,0,Clay,4,Mutua Madrid Open_2015
Federer R.,Masters 1000,Internazionali BNL d'Italia,2015,0,Clay,2,Internazionali BNL d'Italia_2015
Sousa J.,ATP250,Geneva Open,2015,0,Clay,50,Geneva Open_2015
Mayer L.,ATP250,Open de Nice Côte dAzur,2015,0,Clay,24,Open de Nice Côte dAzur_2015
Djokovic N.,Grand Slam,French Open,2015,0,Clay,1,French Open_2015
Goffin D.,ATP250,Topshelf Open,2015,0,Grass,15,Topshelf Open_2015
Troicki V.,ATP250,Mercedes Cup,2015,0,Grass,28,Mercedes Cup_2015
Seppi A.,ATP500,Gerry Weber Open,2015,0,Grass,45,Gerry Weber Open_2015
Anderson K.,ATP500,AEGON Championships,2015,0,Grass,17,AEGON Championships_2015
Querrey S.,ATP500,AEGON Open,2015,0,Grass,44,AEGON Open_2015
Federer R.,Grand Slam,Wimbledon,2015,0,Grass,2,Wimbledon_2015
Karlovic I.,ATP250,Hall of Fame Championships,2015,0,Grass,24,Hall of Fame Championships_2015
Robredo T.,ATP250,SkiStar Swedish Open,2015,0,Clay,21,SkiStar Swedish Open_2015
Mannarino A.,ATP250,Claro Open Colombia,2015,0,Clay,33,Claro Open Colombia_2015
Sousa J.,ATP250,Konzum Croatia Open,2015,0,Clay,51,Konzum Croatia Open_2015
Baghdatis M.,ATP250,BB&T Atlanta Open,2015,0,Hard,47,BB&T Atlanta Open_2015
Goffin D.,ATP250,Suisse Open Gstaad,2015,0,Clay,14,Suisse Open Gstaad_2015
Fognini F.,ATP500,bet-at-home Open,2015,0,Clay,32,bet-at-home Open_2015
Mathieu P.H.,ATP250,Generali Open,2015,0,Clay,109,Generali Open_2015
Isner J.,ATP500,Citi Open,2015,0,Hard,18,Citi Open_2015
Djokovic N.,Masters 1000,Rogers Masters,2015,0,Hard,1,Rogers Masters_2015
Djokovic N.,Masters 1000,Western & Southern Financial Group Masters,2015,0,Hard,1,Western & Southern Financial Group Masters_2015
Herbert P.H,ATP250,Winston-Salem Open at Wake Forest University,2015,0,Hard,140,Winston-Salem Open at Wake Forest University_2015
Federer R.,Grand Slam,US Open,2015,0,Hard,2,US Open_2015
Simon G.,ATP250,Open de Moselle,2015,0,Hard,10,Open de Moselle_2015
Sousa J.,ATP250,St. Petersburg Open,2015,0,Hard,53,St. Petersburg Open_2015
Lopez F.,ATP250,Malaysian Open,2015,0,Hard,17,Malaysian Open_2015
Garcia-Lopez G.,ATP250,Shenzhen Open,2015,0,Hard,29,Shenzhen Open_2015
Nadal R.,ATP500,China Open,2015,0,Hard,8,China Open_2015
Paire B.,ATP500,Rakuten Japan Open Tennis Championships,2015,0,Hard,32,Rakuten Japan Open Tennis Championships_2015
Tsonga J.W.,Masters 1000,Shanghai Masters,2015,0,Hard,15,Shanghai Masters_2015
Bautista R.,ATP250,Kremlin Cup,2015,0,Hard,27,Kremlin Cup_2015
Sock J.,ATP250,Stockholm Open,2015,0,Hard,32,Stockholm Open_2015
Johnson S.,ATP250,Erste Bank Open,2015,0,Hard,47,Erste Bank Open_2015
Nadal R.,ATP500,Swiss Indoors,2015,0,Hard,7,Swiss Indoors_2015
Bautista R.,ATP500,Valencia Open 500,2015,0,Hard,24,Valencia Open 500_2015
Murray A.,Masters 1000,BNP Paribas Masters,2015,0,Hard,3,BNP Paribas Masters_2015
Federer R.,ATP250,Brisbane International,2016,0,Hard,3,Brisbane International_2016
Coric B.,ATP250,Chennai Open,2016,0,Hard,44,Chennai Open_2016
Nadal R.,ATP250,Qatar Exxon Mobil Open,2016,0,Hard,5,Qatar Exxon Mobil Open_2016
Sock J.,ATP250,ASB Classic,2016,0,Hard,26,ASB Classic_2016
Dimitrov G.,ATP250,Apia International,2016,0,Hard,28,Apia International_2016
Murray A.,Grand Slam,Australian Open,2016,0,Hard,2,Australian Open_2016
Mathieu P.H.,ATP250,Open Sud de France,2016,0,Hard,93,Open Sud de France_2016
Bellucci T.,ATP250,Ecuador Open,2016,0,Clay,58,Ecuador Open_2016
Troicki V.,ATP250,Garanti Koza Sofia Open,2016,0,Hard,25,Garanti Koza Sofia Open_2016
Almagro N.,ATP250,Argentina Open,2016,0,Clay,72,Argentina Open_2016
Fritz T.,ATP250,Memphis Open,2016,0,Hard,145,Memphis Open_2016
Monfils G.,ATP500,ABN AMRO World Tennis Tournament,2016,0,Hard,18,ABN AMRO World Tennis Tournament_2016
Ram R.,ATP250,Delray Beach Open,2016,0,Hard,89,Delray Beach Open_2016
Cilic M.,ATP250,Open 13,2016,0,Hard,12,Open 13_2016
Pella G.,ATP500,Rio Open,2016,0,Clay,71,Rio Open_2016
Tomic B.,ATP500,Abierto Mexicano,2016,0,Hard,21,Abierto Mexicano_2016
Baghdatis M.,ATP500,Dubai Tennis Championships,2016,0,Hard,57,Dubai Tennis Championships_2016
Carreno-Busta P.,ATP250,Brasil Open,2016,0,Clay,67,Brasil Open_2016
Raonic M.,Masters 1000,BNP Paribas Open,2016,0,Hard,14,BNP Paribas Open_2016
Nishikori K.,Masters 1000,Sony Ericsson Open,2016,0,Hard,6,Sony Ericsson Open_2016
Sock J.,ATP250,U.S. Men's Clay Court Championships,2016,0,Clay,25,U.S. Men's Clay Court Championships_2016
Coric B.,ATP250,Grand Prix Hassan II,2016,0,Clay,48,Grand Prix Hassan II_2016
Monfils G.,Masters 1000,Monte Carlo Masters,2016,0,Clay,16,Monte Carlo Masters_2016
Nishikori K.,ATP500,Open Banco Sabadell ,2016,0,Clay,6,Open Banco Sabadell _2016
Pouille L.,ATP250,BRD Nastase Tiriac Trophy,2016,0,Clay,72,BRD Nastase Tiriac Trophy_2016
Carreno Busta P.,ATP250,Millenium Estoril Open,2016,0,Clay,50,Millenium Estoril Open_2016
Dimitrov G.,ATP250,Istanbul Open,2016,0,Clay,29,Istanbul Open_2016
Thiem D.,ATP250,BMW Open,2016,0,Clay,15,BMW Open_2016
Murray A.,Masters 1000,Mutua Madrid Open,2016,0,Clay,2,Mutua Madrid Open_2016
Djokovic N.,Masters 1000,Internazionali BNL d'Italia,2016,0,Clay,1,Internazionali BNL d'Italia_2016
Cilic M.,ATP250,Geneva Open,2016,0,Clay,11,Geneva Open_2016
Zverev A.,ATP250,Open de Nice Côte dAzur,2016,0,Clay,48,Open de Nice Côte dAzur_2016
Murray A.,Grand Slam,French Open,2016,0,Clay,2,French Open_2016
Kohlschreiber P.,ATP250,Topshelf Open,2016,0,Grass,26,Topshelf Open_2016
Muller G.,ATP250,Mercedes Cup,2016,0,Grass,44,Mercedes Cup_2016
Zverev A.,ATP500,Gerry Weber Open,2016,0,Grass,38,Gerry Weber Open_2016
Raonic M.,ATP500,AEGON Championships,2016,0,Grass,9,AEGON Championships_2016
Cuevas P.,ATP500,AEGON Open,2016,0,Grass,25,AEGON Open_2016
Raonic M.,Grand Slam,Wimbledon,2016,0,Grass,7,Wimbledon_2016
Verdasco F.,ATP250,SkiStar Swedish Open,2016,0,Clay,59,SkiStar Swedish Open_2016
Cuevas P.,ATP500,German Tennis Championships,2016,0,Clay,24,German Tennis Championships_2016
Muller G.,ATP250,Hall of Fame Championships,2016,0,Grass,39,Hall of Fame Championships_2016
Haase R.,ATP250,Suisse Open Gstaad,2016,0,Clay,95,Suisse Open Gstaad_2016
Basilashvili N.,ATP250,Generali Open,2016,0,Clay,123,Generali Open_2016
Martin A.,ATP250,Konzum Croatia Open,2016,0,Clay,124,Konzum Croatia Open_2016
Karlovic I.,ATP500,Citi Open,2016,0,Hard,35,Citi Open_2016
Nishikori K.,Masters 1000,Rogers Masters,2016,0,Hard,6,Rogers Masters_2016
Isner J.,ATP250,BB&T Atlanta Open,2016,0,Hard,17,BB&T Atlanta Open_2016
Lopez F.,ATP250,Abierto Mexicano Mifel,2016,0,Hard,18,Abierto Mexicano Mifel_2016
Murray A.,Masters 1000,Western & Southern Financial Group Masters,2016,0,Hard,2,Western & Southern Financial Group Masters_2016
Bautista Agut R.,ATP250,Winston-Salem Open at Wake Forest University,2016,0,Hard,17,Winston-Salem Open at Wake Forest University_2016
Djokovic N.,Grand Slam,US Open,2016,0,Hard,1,US Open_2016
Thiem D.,ATP250,Open de Moselle,2016,0,Hard,10,Open de Moselle_2016
Wawrinka S.,ATP250,St. Petersburg Open,2016,0,Hard,3,St. Petersburg Open_2016
